Person_ID,Read_Online_Training_Materials,Trained_in_Person,Place_of_Training,Ecological_Experience,Eco_Experience_Comments,Self-Described_Naturalist,Naturalist_Skill_Level,Participation_as_Part_of_Job,Type_of_Job,Job_Comments,LPL_Certified_Date
1000,,,,,,,,,,,
1001,,,,,,,,,,,
1002,,,,,,,,,,,
1005,,,,,,,,,,,
1006,,,,,,,,,,,
1007,,,,,,,,,,,
1009,,,,,,,,,,,
1010,,,,,,,,,,,
1011,,,,,,,,,,,
1012,,,,,,,,,,,
1013,,,,,,,,,,,
1015,,,,,,,,,,,
1016,,,,,,,,,,,
1018,,,,,,,,,,,
1020,,,,,,,,,,,
1021,,,,,,,,,,,
1022,,,,,,,,,,,
1023,,,,,,,,,,,
1024,,,,,,,,,,,
1025,,,,,,,,,,,
1027,,,,,,,,,,,
1028,,,,,,,,,,,
1029,,,,,,,,,,,
1034,,,,,,,,,,,
1037,,,,,,,,,,,
1038,,,,,,,,,,,
1040,,,,,,,,,,,
1041,,,,,,,,,,,
1043,,,,,,,,,,,
1044,,,,,,,,,,,
1045,,,,,,,,,,,
1047,,,,,,,,,,,
1052,,,,,,,,,,,
1054,,,,,,,,,,,
1056,,,,,,,,,,,
1060,,,,,,,,,,,
1061,,,,,,,,,,,
1066,,,,,,,,,,,
1069,,,,,,,,,,,
1070,,,,,,,,,,,
1071,,,,,,,,,,,
1072,,,,,,,,,,,
1074,,,,,,,,,,,
1077,,,,,,,,,,,
1079,,,,,,,,,,,
1083,,,,,,,,,,,
1086,,,,,,,,,,,
1087,,,,,,,,,,,
1088,,,,,,,,,,,
1089,,,,,,,,,,,
1091,,,,,,,,,,,
1092,,,,,,,,,,,
1096,,,,,,,,,,,
1098,,,,,,,,,,,
1100,,,,,,,,,,,
1101,,,,,,,,,,,
1104,,,,,,,,,,,
1108,,,,,,,,,,,
1109,,,,,,,,,,,
1110,,,,,,,,,,,
1111,,,,,,,,,,,
1112,,,,,,,,,,,
1113,,,,,,,,,,,
1114,,,,,,,,,,,
1115,,,,,,,,,,,
1117,,,,,,,,,,,
1119,,,,,,,,,,,
1120,,,,,,,,,,,
1121,,,,,,,,,,,
1122,,,,,,,,,,,
1123,,,,,,,,,,,
1124,,,,,,,,,,,
1125,,,,,,,,,,,
1130,,,,,,,,,,,
1132,,,,,,,,,,,
1133,,,,,,,,,,,
1134,,,,,,,,,,,
1135,,,,,,,,,,,
1136,,,,,,,,,,,
1138,,,,,,,,,,,
1140,,,,,,,,,,,
1142,,,,,,,,,,,
1143,,,,,,,,,,,
1145,,,,,,,,,,,
1146,,,,,,,,,,,
1148,,,,,,,,,,,
1151,,,,,,,,,,,
1153,,,,,,,,,,,
1154,,,,,,,,,,,
1155,,,,,,,,,,,
1157,,,,,,,,,,,
1158,,,,,,,,,,,
1159,,,,,,,,,,,
1161,,,,,,,,,,,
1166,,,,,,,,,,,
1169,,,,,,,,,,,
1171,,,,,,,,,,,
1173,,,,,,,,,,,
1174,,,,,,,,,,,
1175,,,,,,,,,,,
1176,,,,,,,,,,,
1178,,,,,,,,,,,
1180,,,,,,,,,,,
1181,,,,,,,,,,,
1183,,,,,,,,,,,
1186,,,,,,,,,,,
1187,,,,,,,,,,,
1188,,,,,,,,,,,
1191,,,,,,,,,,,
1193,,,,,,,,,,,
1194,,,,,,,,,,,
1195,,,,,,,,,,,
1196,,,,,,,,,,,
1198,,,,,,,,,,,
1199,,,,,,,,,,,
1200,,,,,,,,,,,
1201,,,,,,,,,,,
1202,,,,,,,,,,,
1203,,,,,,,,,,,
1206,,,,,,,,,,,
1207,,,,,,,,,,,
1208,,,,,,,,,,,
1209,,,,,,,,,,,
1211,,,,,,,,,,,
1212,,,,,,,,,,,
1213,,,,,,,,,,,
1214,,,,,,,,,,,
1215,,,,,,,,,,,
1218,,,,,,,,,,,
1220,,,,,,,,,,,
1221,,,,,,,,,,,
1222,,,,,,,,,,,
1223,,,,,,,,,,,
1224,,,,,,,,,,,
1225,,,,,,,,,,,
1226,,,,,,,,,,,
1227,,,,,,,,,,,
1228,,,,,,,,,,,
1229,,,,,,,,,,,
1230,,,,,,,,,,,
1231,,,,,,,,,,,
1233,,,,,,,,,,,
1234,,,,,,,,,,,
1235,,,,,,,,,,,
1236,,,,,,,,,,,
1237,,,,,,,,,,,
1238,,,,,,,,,,,
1239,,,,,,,,,,,
1241,,,,,,,,,,,
1243,,,,,,,,,,,
1247,,,,,,,,,,,
1252,,,,,,,,,,,
1254,,,,,,,,,,,
1257,,,,,,,,,,,
1259,,,,,,,,,,,
1260,,,,,,,,,,,
1261,,,,,,,,,,,
1262,,,,,,,,,,,
1269,,,,,,,,,,,
1270,,,,,,,,,,,
1271,,,,,,,,,,,
1272,,,,,,,,,,,
1275,,,,,,,,,,,
1276,,,,,,,,,,,
1282,,,,,,,,,,,
1283,,,,,,,,,,,
1288,,,,,,,,,,,
1289,,,,,,,,,,,
1291,,,,,,,,,,,
1294,,,,,,,,,,,
1295,,,,,,,,,,,
1296,,,,,,,,,,,
1298,,,,,,,,,,,
1299,,,,,,,,,,,
1302,,,,,,,,,,,
1303,,,,,,,,,,,
1306,,,,,,,,,,,
1309,,,,,,,,,,,
1312,,,,,,,,,,,
1313,,,,,,,,,,,
1314,,,,,,,,,,,
1315,,,,,,,,,,,
1319,,,,,,,,,,,
1320,,,,,,,,,,,
1321,,,,,,,,,,,
1324,,,,,,,,,,,
1327,,,,,,,,,,,
1328,,,,,,,,,,,
1329,,,,,,,,,,,
1330,,,,,,,,,,,
1331,,,,,,,,,,,
1335,,,,,,,,,,,
1339,,,,,,,,,,,
1347,,,,,,,,,,,
1348,,,,,,,,,,,
1350,,,,,,,,,,,
1353,,,,,,,,,,,
1356,,,,,,,,,,,
1359,,,,,,,,,,,
1361,,,,,,,,,,,
1362,,,,,,,,,,,
1365,,,,,,,,,,,
1368,,,,,,,,,,,
1369,,,,,,,,,,,
1370,,,,,,,,,,,
1371,,,,,,,,,,,
1372,,,,,,,,,,,
1374,,,,,,,,,,,
1375,,,,,,,,,,,
1377,,,,,,,,,,,
1378,,,,,,,,,,,
1380,,,,,,,,,,,
1381,,,,,,,,,,,
1382,,,,,,,,,,,
1383,,,,,,,,,,,
1384,,,,,,,,,,,
1385,,,,,,,,,,,
1386,,,,,,,,,,,
1389,,,,,,,,,,,
1391,,,,,,,,,,,
1392,,,,,,,,,,,
1394,,,,,,,,,,,
1395,,,,,,,,,,,
1397,,,,,,,,,,,
1398,,,,,,,,,,,
1399,,,,,,,,,,,
1400,,,,,,,,,,,
1402,,,,,,,,,,,
1404,,,,,,,,,,,
1405,,,,,,,,,,,
1406,,,,,,,,,,,
1407,,,,,,,,,,,
1408,,,,,,,,,,,
1409,,,,,,,,,,,
1413,,,,,,,,,,,
1414,,,,,,,,,,,
1415,,,,,,,,,,,
1418,,,,,,,,,,,
1419,,,,,,,,,,,
1420,,,,,,,,,,,
1422,,,,,,,,,,,
1427,,,,,,,,,,,
1428,,,,,,,,,,,
1431,,,,,,,,,,,
1432,,,,,,,,,,,
1433,,,,,,,,,,,
1437,,,,,,,,,,,
1440,,,,,,,,,,,
1441,,,,,,,,,,,
1442,,,,,,,,,,,
1443,,,,,,,,,,,
1444,,,,,,,,,,,
1452,,,,,,,,,,,
1454,,,,,,,,,,,
1455,,,,,,,,,,,
1456,,,,,,,,,,,
1458,,,,,,,,,,,
1459,,,,,,,,,,,
1461,,,,,,,,,,,
1463,,,,,,,,,,,
1464,,,,,,,,,,,
1466,,,,,,,,,,,
1467,,,,,,,,,,,
1470,,,,,,,,,,,
1471,,,,,,,,,,,
1473,,,,,,,,,,,
1475,,,,,,,,,,,
1476,,,,,,,,,,,
1477,,,,,,,,,,,
1478,,,,,,,,,,,
1480,,,,,,,,,,,
1481,,,,,,,,,,,
1482,,,,,,,,,,,
1484,,,,,,,,,,,
1487,,,,,,,,,,,
1488,,,,,,,,,,,
1489,,,,,,,,,,,
1490,,,,,,,,,,,
1491,,,,,,,,,,,
1492,,,,,,,,,,,
1493,,,,,,,,,,,
1494,,,,,,,,,,,
1497,,,,,,,,,,,
1498,,,,,,,,,,,
1499,,,,,,,,,,,
1501,,,,,,,,,,,
1503,,,,,,,,,,,
1506,,,,,,,,,,,
1507,,,,,,,,,,,
1508,,,,,,,,,,,
1509,,,,,,,,,,,
1510,,,,,,,,,,,
1511,,,,,,,,,,,
1512,,,,,,,,,,,
1513,,,,,,,,,,,
1514,,,,,,,,,,,
1515,,,,,,,,,,,
1516,,,,,,,,,,,
1519,,,,,,,,,,,
1522,,,,,,,,,,,
1524,,,,,,,,,,,
1525,,,,,,,,,,,
1526,,,,,,,,,,,
1527,,,,,,,,,,,
1528,,,,,,,,,,,
1529,,,,,,,,,,,
1532,,,,,,,,,,,
1534,,,,,,,,,,,
1540,,,,,,,,,,,
1541,,,,,,,,,,,
1542,,,,,,,,,,,
1545,,,,,,,,,,,
1548,,,,,,,,,,,
1549,,,,,,,,,,,
1550,,,,,,,,,,,
1551,,,,,,,,,,,
1552,,,,,,,,,,,
1554,,,,,,,,,,,
1555,,,,,,,,,,,
1556,,,,,,,,,,,
1558,,,,,,,,,,,
1559,,,,,,,,,,,
1560,,,,,,,,,,,
1562,,,,,,,,,,,
1563,,,,,,,,,,,
1564,,,,,,,,,,,
1565,,,,,,,,,,,
1566,,,,,,,,,,,
1567,,,,,,,,,,,
1568,,,,,,,,,,,
1571,,,,,,,,,,,
1572,,,,,,,,,,,
1573,,,,,,,,,,,
1574,,,,,,,,,,,
1575,,,,,,,,,,,
1576,,,,,,,,,,,
1577,,,,,,,,,,,
1578,,,,,,,,,,,
1579,,,,,,,,,,,
1581,,,,,,,,,,,
1587,,,,,,,,,,,
1588,,,,,,,,,,,
1589,,,,,,,,,,,
1590,,,,,,,,,,,
1592,,,,,,,,,,,
1594,,,,,,,,,,,
1595,,,,,,,,,,,
1596,,,,,,,,,,,
1598,,,,,,,,,,,
1599,,,,,,,,,,,
1600,,,,,,,,,,,
1601,,,,,,,,,,,
1602,,,,,,,,,,,
1607,,,,,,,,,,,
1608,,,,,,,,,,,
1610,,,,,,,,,,,
1611,,,,,,,,,,,
1613,,,,,,,,,,,
1614,,,,,,,,,,,
1615,,,,,,,,,,,
1617,,,,,,,,,,,
1619,,,,,,,,,,,
1620,,,,,,,,,,,
1623,,,,,,,,,,,
1625,,,,,,,,,,,
1627,,,,,,,,,,,
1628,,,,,,,,,,,
1629,,,,,,,,,,,
1630,,,,,,,,,,,
1633,,,,,,,,,,,
1634,,,,,,,,,,,
1636,,,,,,,,,,,
1640,,,,,,,,,,,
1642,,,,,,,,,,,
1643,,,,,,,,,,,
1646,,,,,,,,,,,
1647,,,,,,,,,,,
1650,,,,,,,,,,,
1651,,,,,,,,,,,
1653,,,,,,,,,,,
1654,,,,,,,,,,,
1656,,,,,,,,,,,
1658,,,,,,,,,,,
1659,,,,,,,,,,,
1660,,,,,,,,,,,
1661,,,,,,,,,,,
1664,,,,,,,,,,,
1665,,,,,,,,,,,
1666,,,,,,,,,,,
1667,,,,,,,,,,,
1671,,,,,,,,,,,
1672,,,,,,,,,,,
1673,,,,,,,,,,,
1679,,,,,,,,,,,
1680,,,,,,,,,,,
1684,,,,,,,,,,,
1685,,,,,,,,,,,
1687,,,,,,,,,,,
1688,,,,,,,,,,,
1689,,,,,,,,,,,
1692,,,,,,,,,,,
1694,,,,,,,,,,,
1695,,,,,,,,,,,
1696,,,,,,,,,,,
1697,,,,,,,,,,,
1699,,,,,,,,,,,
1701,,,,,,,,,,,
1702,,,,,,,,,,,
1703,,,,,,,,,,,
1704,,,,,,,,,,,
1705,,,,,,,,,,,
1706,,,,,,,,,,,
1707,,,,,,,,,,,
1709,,,,,,,,,,,
1710,,,,,,,,,,,
1712,,,,,,,,,,,
1714,,,,,,,,,,,
1716,,,,,,,,,,,
1718,,,,,,,,,,,
1719,,,,,,,,,,,
1721,,,,,,,,,,,
1723,,,,,,,,,,,
1724,,,,,,,,,,,
1727,,,,,,,,,,,
1728,,,,,,,,,,,
1730,,,,,,,,,,,
1731,,,,,,,,,,,
1733,,,,,,,,,,,
1734,,,,,,,,,,,
1737,,,,,,,,,,,
1738,,,,,,,,,,,
1739,,,,,,,,,,,
1740,,,,,,,,,,,
1742,,,,,,,,,,,
1745,,,,,,,,,,,
1746,,,,,,,,,,,
1747,,,,,,,,,,,
1749,,,,,,,,,,,
1750,,,,,,,,,,,
1751,,,,,,,,,,,
1753,,,,,,,,,,,
1754,,,,,,,,,,,
1755,,,,,,,,,,,
1757,,,,,,,,,,,
1758,,,,,,,,,,,
1760,,,,,,,,,,,
1761,,,,,,,,,,,
1762,,,,,,,,,,,
1767,,,,,,,,,,,
1769,,,,,,,,,,,
1774,,,,,,,,,,,
1776,,,,,,,,,,,
1777,,,,,,,,,,,
1778,,,,,,,,,,,
1779,,,,,,,,,,,
1780,,,,,,,,,,,
1781,,,,,,,,,,,
1782,,,,,,,,,,,
1783,,,,,,,,,,,
1784,,,,,,,,,,,
1786,,,,,,,,,,,
1790,,,,,,,,,,,
1792,,,,,,,,,,,
1793,,,,,,,,,,,
1795,,,,,,,,,,,
1796,,,,,,,,,,,
1797,,,,,,,,,,,
1798,,,,,,,,,,,
1799,,,,,,,,,,,
1800,,,,,,,,,,,
1801,,,,,,,,,,,
1802,,,,,,,,,,,
1803,,,,,,,,,,,
1806,,,,,,,,,,,
1809,,,,,,,,,,,
1811,,,,,,,,,,,
1813,,,,,,,,,,,
1814,,,,,,,,,,,
1815,,,,,,,,,,,
1819,,,,,,,,,,,
1820,,,,,,,,,,,
1821,,,,,,,,,,,
1822,,,,,,,,,,,
1825,,,,,,,,,,,
1828,,,,,,,,,,,
1829,,,,,,,,,,,
1830,,,,,,,,,,,
1831,,,,,,,,,,,
1832,,,,,,,,,,,
1837,,,,,,,,,,,
1839,,,,,,,,,,,
1840,,,,,,,,,,,
1841,,,,,,,,,,,
1842,,,,,,,,,,,
1843,,,,,,,,,,,
1845,,,,,,,,,,,
1846,,,,,,,,,,,
1847,,,,,,,,,,,
1848,,,,,,,,,,,
1849,,,,,,,,,,,
1850,,,,,,,,,,,
1851,,,,,,,,,,,
1852,,,,,,,,,,,
1853,,,,,,,,,,,
1855,,,,,,,,,,,
1858,,,,,,,,,,,
1859,,,,,,,,,,,
1861,,,,,,,,,,,
1862,,,,,,,,,,,
1863,,,,,,,,,,,
1865,,,,,,,,,,,
1866,,,,,,,,,,,
1867,,,,,,,,,,,
1868,,,,,,,,,,,
1870,,,,,,,,,,,
1872,,,,,,,,,,,
1873,,,,,,,,,,,
1874,,,,,,,,,,,
1875,,,,,,,,,,,
1876,,,,,,,,,,,
1877,,,,,,,,,,,
1879,,,,,,,,,,,
1880,,,,,,,,,,,
1881,,,,,,,,,,,
1882,,,,,,,,,,,
1884,,,,,,,,,,,
1885,,,,,,,,,,,
1886,,,,,,,,,,,
1888,,,,,,,,,,,
1889,,,,,,,,,,,
1890,,,,,,,,,,,
1891,,,,,,,,,,,
1892,,,,,,,,,,,
1894,,,,,,,,,,,
1896,,,,,,,,,,,
1897,,,,,,,,,,,
1898,,,,,,,,,,,
1899,,,,,,,,,,,
1901,,,,,,,,,,,
1902,,,,,,,,,,,
1903,,,,,,,,,,,
1904,,,,,,,,,,,
1905,,,,,,,,,,,
1906,,,,,,,,,,,
1908,,,,,,,,,,,
1909,,,,,,,,,,,
1910,,,,,,,,,,,
1912,,,,,,,,,,,
1914,,,,,,,,,,,
1915,,,,,,,,,,,
1918,,,,,,,,,,,
1920,,,,,,,,,,,
1922,,,,,,,,,,,
1923,,,,,,,,,,,
1924,,,,,,,,,,,
1926,,,,,,,,,,,
1928,,,,,,,,,,,
1929,,,,,,,,,,,
1930,,,,,,,,,,,
1933,,,,,,,,,,,
1934,,,,,,,,,,,
1935,,,,,,,,,,,
1938,,,,,,,,,,,
1939,,,,,,,,,,,
1941,,,,,,,,,,,
1945,,,,,,,,,,,
1947,,,,,,,,,,,
1949,,,,,,,,,,,
1953,,,,,,,,,,,
1954,,,,,,,,,,,
1955,,,,,,,,,,,
1958,,,,,,,,,,,
1959,,,,,,,,,,,
1961,,,,,,,,,,,
1962,,,,,,,,,,,
1963,,,,,,,,,,,
1965,,,,,,,,,,,
1966,,,,,,,,,,,
1967,,,,,,,,,,,
1969,,,,,,,,,,,
1971,,,,,,,,,,,
1972,,,,,,,,,,,
1973,,,,,,,,,,,
1974,,,,,,,,,,,
1975,,,,,,,,,,,
1976,,,,,,,,,,,
1980,,,,,,,,,,,
1981,,,,,,,,,,,
1983,,,,,,,,,,,
1984,,,,,,,,,,,
1986,,,,,,,,,,,
1987,,,,,,,,,,,
1988,,,,,,,,,,,
1989,,,,,,,,,,,
1990,,,,,,,,,,,
1991,,,,,,,,,,,
1992,,,,,,,,,,,
1993,,,,,,,,,,,
1994,,,,,,,,,,,
1995,,,,,,,,,,,
1998,,,,,,,,,,,
2000,,,,,,,,,,,
2001,,,,,,,,,,,
2003,,,,,,,,,,,
2008,,,,,,,,,,,
2009,,,,,,,,,,,
2011,,,,,,,,,,,
2013,,,,,,,,,,,
2014,,,,,,,,,,,
2015,,,,,,,,,,,
2016,,,,,,,,,,,
2017,,,,,,,,,,,
2018,,,,,,,,,,,
2019,,,,,,,,,,,
2022,,,,,,,,,,,
2023,,,,,,,,,,,
2024,,,,,,,,,,,
2025,,,,,,,,,,,
2026,,,,,,,,,,,
2028,,,,,,,,,,,
2030,,,,,,,,,,,
2031,,,,,,,,,,,
2032,,,,,,,,,,,
2035,,,,,,,,,,,
2036,,,,,,,,,,,
2037,,,,,,,,,,,
2040,,,,,,,,,,,
2041,,,,,,,,,,,
2043,,,,,,,,,,,
2045,,,,,,,,,,,
2046,,,,,,,,,,,
2047,,,,,,,,,,,
2050,,,,,,,,,,,
2052,,,,,,,,,,,
2053,,,,,,,,,,,
2056,,,,,,,,,,,
2057,,,,,,,,,,,
2058,,,,,,,,,,,
2060,,,,,,,,,,,
2062,,,,,,,,,,,
2065,,,,,,,,,,,
2066,,,,,,,,,,,
2068,,,,,,,,,,,
2070,,,,,,,,,,,
2071,,,,,,,,,,,
2074,,,,,,,,,,,
2075,,,,,,,,,,,
2076,,,,,,,,,,,
2077,,,,,,,,,,,
2079,,,,,,,,,,,
2080,,,,,,,,,,,
2081,,,,,,,,,,,
2082,,,,,,,,,,,
2083,,,,,,,,,,,
2089,,,,,,,,,,,
2090,,,,,,,,,,,
2091,,,,,,,,,,,
2092,,,,,,,,,,,
2093,,,,,,,,,,,
2094,,,,,,,,,,,
2095,,,,,,,,,,,
2096,,,,,,,,,,,
2097,,,,,,,,,,,
2098,,,,,,,,,,,
2099,,,,,,,,,,,
2101,,,,,,,,,,,
2102,,,,,,,,,,,
2104,,,,,,,,,,,
2105,,,,,,,,,,,
2106,,,,,,,,,,,
2107,,,,,,,,,,,
2109,,,,,,,,,,,
2111,,,,,,,,,,,
2112,,,,,,,,,,,
2113,,,,,,,,,,,
2115,,,,,,,,,,,
2116,,,,,,,,,,,
2117,,,,,,,,,,,
2126,,,,,,,,,,,
2130,,,,,,,,,,,
2132,,,,,,,,,,,
2133,,,,,,,,,,,
2134,,,,,,,,,,,
2136,,,,,,,,,,,
2137,,,,,,,,,,,
2138,,,,,,,,,,,
2140,,,,,,,,,,,
2141,,,,,,,,,,,
2143,,,,,,,,,,,
2144,,,,,,,,,,,
2147,,,,,,,,,,,
2148,,,,,,,,,,,
2152,,,,,,,,,,,
2153,,,,,,,,,,,
2154,,,,,,,,,,,
2155,,,,,,,,,,,
2156,,,,,,,,,,,
2157,,,,,,,,,,,
2158,,,,,,,,,,,
2159,,,,,,,,,,,
2160,,,,,,,,,,,
2161,,,,,,,,,,,
2164,,,,,,,,,,,
2165,,,,,,,,,,,
2166,,,,,,,,,,,
2167,,,,,,,,,,,
2170,,,,,,,,,,,
2171,,,,,,,,,,,
2173,,,,,,,,,,,
2174,,,,,,,,,,,
2177,,,,,,,,,,,
2179,,,,,,,,,,,
2180,,,,,,,,,,,
2183,,,,,,,,,,,
2184,,,,,,,,,,,
2189,,,,,,,,,,,
2191,,,,,,,,,,,
2195,,,,,,,,,,,
2197,,,,,,,,,,,
2198,,,,,,,,,,,
2201,,,,,,,,,,,
2203,,,,,,,,,,,
2204,,,,,,,,,,,
2205,,,,,,,,,,,
2206,,,,,,,,,,,
2209,,,,,,,,,,,
2212,,,,,,,,,,,
2214,,,,,,,,,,,
2215,,,,,,,,,,,
2216,,,,,,,,,,,
2218,,,,,,,,,,,
2219,,,,,,,,,,,
2222,,,,,,,,,,,
2223,,,,,,,,,,,
2225,,,,,,,,,,,
2228,,,,,,,,,,,
2230,,,,,,,,,,,
2231,,,,,,,,,,,
2233,,,,,,,,,,,
2236,,,,,,,,,,,
2238,,,,,,,,,,,
2239,,,,,,,,,,,
2240,,,,,,,,,,,
2243,,,,,,,,,,,
2244,,,,,,,,,,,
2245,,,,,,,,,,,
2248,,,,,,,,,,,
2249,,,,,,,,,,,
2250,,,,,,,,,,,
2251,,,,,,,,,,,
2252,,,,,,,,,,,
2253,,,,,,,,,,,
2255,,,,,,,,,,,
2256,,,,,,,,,,,
2257,,,,,,,,,,,
2258,,,,,,,,,,,
2260,,,,,,,,,,,
2262,,,,,,,,,,,
2263,,,,,,,,,,,
2264,,,,,,,,,,,
2268,,,,,,,,,,,
2269,,,,,,,,,,,
2271,,,,,,,,,,,
2272,,,,,,,,,,,
2275,,,,,,,,,,,
2277,,,,,,,,,,,
2279,,,,,,,,,,,
2281,,,,,,,,,,,
2282,,,,,,,,,,,
2283,,,,,,,,,,,
2284,,,,,,,,,,,
2287,,,,,,,,,,,
2288,,,,,,,,,,,
2292,,,,,,,,,,,
2295,,,,,,,,,,,
2296,,,,,,,,,,,
2297,,,,,,,,,,,
2299,,,,,,,,,,,
2300,,,,,,,,,,,
2301,,,,,,,,,,,
2302,,,,,,,,,,,
2304,,,,,,,,,,,
2307,,,,,,,,,,,
2309,,,,,,,,,,,
2313,,,,,,,,,,,
2315,,,,,,,,,,,
2316,,,,,,,,,,,
2317,,,,,,,,,,,
2319,,,,,,,,,,,
2323,,,,,,,,,,,
2325,,,,,,,,,,,
2328,,,,,,,,,,,
2329,,,,,,,,,,,
2333,,,,,,,,,,,
2335,,,,,,,,,,,
2337,,,,,,,,,,,
2344,,,,,,,,,,,
2347,,,,,,,,,,,
2348,,,,,,,,,,,
2349,,,,,,,,,,,
2350,,,,,,,,,,,
2352,,,,,,,,,,,
2353,,,,,,,,,,,
2354,,,,,,,,,,,
2355,,,,,,,,,,,
2356,,,,,,,,,,,
2357,,,,,,,,,,,
2358,,,,,,,,,,,
2359,,,,,,,,,,,
2362,,,,,,,,,,,
2368,,,,,,,,,,,
2369,,,,,,,,,,,
2370,,,,,,,,,,,
2371,,,,,,,,,,,
2373,,,,,,,,,,,
2374,,,,,,,,,,,
2375,,,,,,,,,,,
2377,,,,,,,,,,,
2378,,,,,,,,,,,
2379,,,,,,,,,,,
2380,,,,,,,,,,,
2381,,,,,,,,,,,
2384,,,,,,,,,,,
2388,,,,,,,,,,,
2389,,,,,,,,,,,
2390,,,,,,,,,,,
2391,,,,,,,,,,,
2394,,,,,,,,,,,
2395,,,,,,,,,,,
2397,,,,,,,,,,,
2398,,,,,,,,,,,
2400,,,,,,,,,,,
2401,,,,,,,,,,,
2404,,,,,,,,,,,
2405,,,,,,,,,,,
2408,,,,,,,,,,,
2411,,,,,,,,,,,
2413,,,,,,,,,,,
2414,,,,,,,,,,,
2415,,,,,,,,,,,
2420,,,,,,,,,,,
2424,,,,,,,,,,,
2425,,,,,,,,,,,
2426,,,,,,,,,,,
2428,,,,,,,,,,,
2429,,,,,,,,,,,
2432,,,,,,,,,,,
2433,,,,,,,,,,,
2435,,,,,,,,,,,
2438,,,,,,,,,,,
2439,,,,,,,,,,,
2440,,,,,,,,,,,
2442,,,,,,,,,,,
2443,,,,,,,,,,,
2445,,,,,,,,,,,
2446,,,,,,,,,,,
2447,,,,,,,,,,,
2449,,,,,,,,,,,
2450,,,,,,,,,,,
2451,,,,,,,,,,,
2452,,,,,,,,,,,
2458,,,,,,,,,,,
2459,,,,,,,,,,,
2460,,,,,,,,,,,
2462,,,,,,,,,,,
2463,,,,,,,,,,,
2464,,,,,,,,,,,
2467,,,,,,,,,,,
2469,,,,,,,,,,,
2471,,,,,,,,,,,
2473,,,,,,,,,,,
2474,,,,,,,,,,,
2475,,,,,,,,,,,
2477,,,,,,,,,,,
2478,,,,,,,,,,,
2479,,,,,,,,,,,
2481,,,,,,,,,,,
2482,,,,,,,,,,,
2484,,,,,,,,,,,
2485,,,,,,,,,,,
2486,,,,,,,,,,,
2489,,,,,,,,,,,
2490,,,,,,,,,,,
2491,,,,,,,,,,,
2492,,,,,,,,,,,
2494,,,,,,,,,,,
2498,,,,,,,,,,,
2499,,,,,,,,,,,
2501,,,,,,,,,,,
2502,,,,,,,,,,,
2503,,,,,,,,,,,
2505,,,,,,,,,,,
2506,,,,,,,,,,,
2508,,,,,,,,,,,
2509,,,,,,,,,,,
2510,,,,,,,,,,,
2512,,,,,,,,,,,
2515,,,,,,,,,,,
2517,,,,,,,,,,,
2519,,,,,,,,,,,
2521,,,,,,,,,,,
2524,,,,,,,,,,,
2525,,,,,,,,,,,
2526,,,,,,,,,,,
2527,,,,,,,,,,,
2528,,,,,,,,,,,
2529,,,,,,,,,,,
2531,,,,,,,,,,,
2534,,,,,,,,,,,
2535,,,,,,,,,,,
2536,,,,,,,,,,,
2537,,,,,,,,,,,
2538,,,,,,,,,,,
2540,,,,,,,,,,,
2542,,,,,,,,,,,
2543,,,,,,,,,,,
2544,,,,,,,,,,,
2545,,,,,,,,,,,
2546,,,,,,,,,,,
2547,,,,,,,,,,,
2548,,,,,,,,,,,
2549,,,,,,,,,,,
2553,,,,,,,,,,,
2556,,,,,,,,,,,
2559,,,,,,,,,,,
2560,,,,,,,,,,,
2561,,,,,,,,,,,
2562,,,,,,,,,,,
2568,,,,,,,,,,,
2569,,,,,,,,,,,
2570,,,,,,,,,,,
2572,,,,,,,,,,,
2573,,,,,,,,,,,
2576,,,,,,,,,,,
2578,,,,,,,,,,,
2579,,,,,,,,,,,
2581,,,,,,,,,,,
2583,,,,,,,,,,,
2585,,,,,,,,,,,
2586,,,,,,,,,,,
2587,,,,,,,,,,,
2589,,,,,,,,,,,
2590,,,,,,,,,,,
2591,,,,,,,,,,,
2592,,,,,,,,,,,
2595,,,,,,,,,,,
2596,,,,,,,,,,,
2598,,,,,,,,,,,
2599,,,,,,,,,,,
2601,,,,,,,,,,,
2603,,,,,,,,,,,
2605,,,,,,,,,,,
2607,,,,,,,,,,,
2609,,,,,,,,,,,
2610,,,,,,,,,,,
2611,,,,,,,,,,,
2612,,,,,,,,,,,
2613,,,,,,,,,,,
2615,,,,,,,,,,,
2618,,,,,,,,,,,
2619,,,,,,,,,,,
2621,,,,,,,,,,,
2624,,,,,,,,,,,
2625,,,,,,,,,,,
2626,,,,,,,,,,,
2627,,,,,,,,,,,
2629,,,,,,,,,,,
2630,,,,,,,,,,,
2631,,,,,,,,,,,
2632,,,,,,,,,,,
2633,,,,,,,,,,,
2635,,,,,,,,,,,
2637,,,,,,,,,,,
2638,,,,,,,,,,,
2639,,,,,,,,,,,
2641,,,,,,,,,,,
2642,,,,,,,,,,,
2644,,,,,,,,,,,
2646,,,,,,,,,,,
2647,,,,,,,,,,,
2648,,,,,,,,,,,
2649,,,,,,,,,,,
2652,,,,,,,,,,,
2654,,,,,,,,,,,
2655,,,,,,,,,,,
2659,,,,,,,,,,,
2660,,,,,,,,,,,
2662,,,,,,,,,,,
2663,,,,,,,,,,,
2667,,,,,,,,,,,
2668,,,,,,,,,,,
2669,,,,,,,,,,,
2670,,,,,,,,,,,
2671,,,,,,,,,,,
2672,,,,,,,,,,,
2673,,,,,,,,,,,
2675,,,,,,,,,,,
2676,,,,,,,,,,,
2677,,,,,,,,,,,
2678,,,,,,,,,,,
2679,,,,,,,,,,,
2681,,,,,,,,,,,
2682,,,,,,,,,,,
2683,,,,,,,,,,,
2685,,,,,,,,,,,
2686,,,,,,,,,,,
2687,,,,,,,,,,,
2688,,,,,,,,,,,
2693,,,,,,,,,,,
2694,,,,,,,,,,,
2695,,,,,,,,,,,
2699,,,,,,,,,,,
2701,,,,,,,,,,,
2703,,,,,,,,,,,
2704,,,,,,,,,,,
2706,,,,,,,,,,,
2708,,,,,,,,,,,
2711,,,,,,,,,,,
2713,,,,,,,,,,,
2715,,,,,,,,,,,
2716,,,,,,,,,,,
2717,,,,,,,,,,,
2719,,,,,,,,,,,
2721,,,,,,,,,,,
2723,,,,,,,,,,,
2724,,,,,,,,,,,
2725,,,,,,,,,,,
2727,,,,,,,,,,,
2728,,,,,,,,,,,
2729,,,,,,,,,,,
2734,,,,,,,,,,,
2735,,,,,,,,,,,
2739,,,,,,,,,,,
2741,,,,,,,,,,,
2743,,,,,,,,,,,
2745,,,,,,,,,,,
2749,,,,,,,,,,,
2750,,,,,,,,,,,
2751,,,,,,,,,,,
2752,,,,,,,,,,,
2753,,,,,,,,,,,
2754,,,,,,,,,,,
2755,,,,,,,,,,,
2757,,,,,,,,,,,
2758,,,,,,,,,,,
2759,,,,,,,,,,,
2761,,,,,,,,,,,
2763,,,,,,,,,,,
2764,,,,,,,,,,,
2765,,,,,,,,,,,
2766,,,,,,,,,,,
2772,,,,,,,,,,,
2773,,,,,,,,,,,
2774,,,,,,,,,,,
2776,,,,,,,,,,,
2777,,,,,,,,,,,
2778,,,,,,,,,,,
2779,,,,,,,,,,,
2781,,,,,,,,,,,
2783,,,,,,,,,,,
2785,,,,,,,,,,,
2787,,,,,,,,,,,
2792,,,,,,,,,,,
2793,,,,,,,,,,,
2794,,,,,,,,,,,
2798,,,,,,,,,,,
2799,,,,,,,,,,,
2800,,,,,,,,,,,
2801,,,,,,,,,,,
2802,,,,,,,,,,,
2803,,,,,,,,,,,
2804,,,,,,,,,,,
2806,,,,,,,,,,,
2810,,,,,,,,,,,
2811,,,,,,,,,,,
2812,,,,,,,,,,,
2813,,,,,,,,,,,
2815,,,,,,,,,,,
2818,,,,,,,,,,,
2819,,,,,,,,,,,
2822,,,,,,,,,,,
2823,,,,,,,,,,,
2824,,,,,,,,,,,
2825,,,,,,,,,,,
2826,,,,,,,,,,,
2828,,,,,,,,,,,
2830,,,,,,,,,,,
2832,,,,,,,,,,,
2836,,,,,,,,,,,
2839,,,,,,,,,,,
2842,,,,,,,,,,,
2845,,,,,,,,,,,
2846,,,,,,,,,,,
2847,,,,,,,,,,,
2848,,,,,,,,,,,
2850,,,,,,,,,,,
2851,,,,,,,,,,,
2852,,,,,,,,,,,
2853,,,,,,,,,,,
2854,,,,,,,,,,,
2855,,,,,,,,,,,
2856,,,,,,,,,,,
2857,,,,,,,,,,,
2861,,,,,,,,,,,
2862,,,,,,,,,,,
2863,,,,,,,,,,,
2865,,,,,,,,,,,
2866,,,,,,,,,,,
2868,,,,,,,,,,,
2872,,,,,,,,,,,
2873,,,,,,,,,,,
2874,,,,,,,,,,,
2875,,,,,,,,,,,
2876,,,,,,,,,,,
2878,,,,,,,,,,,
2880,,,,,,,,,,,
2881,,,,,,,,,,,
2882,,,,,,,,,,,
2883,,,,,,,,,,,
2884,,,,,,,,,,,
2885,,,,,,,,,,,
2886,,,,,,,,,,,
2890,,,,,,,,,,,
2891,,,,,,,,,,,
2893,,,,,,,,,,,
2894,,,,,,,,,,,
2895,,,,,,,,,,,
2896,,,,,,,,,,,
2898,,,,,,,,,,,
2899,,,,,,,,,,,
2900,,,,,,,,,,,
2901,,,,,,,,,,,
2902,,,,,,,,,,,
2904,,,,,,,,,,,
2906,,,,,,,,,,,
2908,,,,,,,,,,,
2909,,,,,,,,,,,
2911,,,,,,,,,,,
2912,,,,,,,,,,,
2913,,,,,,,,,,,
2914,,,,,,,,,,,
2915,,,,,,,,,,,
2917,,,,,,,,,,,
2919,,,,,,,,,,,
2920,,,,,,,,,,,
2921,,,,,,,,,,,
2922,,,,,,,,,,,
2926,,,,,,,,,,,
2929,,,,,,,,,,,
2931,,,,,,,,,,,
2932,,,,,,,,,,,
2933,,,,,,,,,,,
2934,,,,,,,,,,,
2935,,,,,,,,,,,
2936,,,,,,,,,,,
2939,,,,,,,,,,,
2942,,,,,,,,,,,
2943,,,,,,,,,,,
2947,,,,,,,,,,,
2952,,,,,,,,,,,
2953,,,,,,,,,,,
2954,,,,,,,,,,,
2955,,,,,,,,,,,
2956,,,,,,,,,,,
2958,,,,,,,,,,,
2960,,,,,,,,,,,
2962,,,,,,,,,,,
2963,,,,,,,,,,,
2964,,,,,,,,,,,
2966,,,,,,,,,,,
2968,,,,,,,,,,,
2969,,,,,,,,,,,
2971,,,,,,,,,,,
2974,,,,,,,,,,,
2975,,,,,,,,,,,
2977,,,,,,,,,,,
2979,,,,,,,,,,,
2982,,,,,,,,,,,
2983,,,,,,,,,,,
2986,,,,,,,,,,,
2992,,,,,,,,,,,
2993,,,,,,,,,,,
2994,,,,,,,,,,,
2996,,,,,,,,,,,
2997,,,,,,,,,,,
2998,,,,,,,,,,,
2999,,,,,,,,,,,
3000,,,,,,,,,,,
3001,,,,,,,,,,,
3004,,,,,,,,,,,
3006,,,,,,,,,,,
3007,,,,,,,,,,,
3009,,,,,,,,,,,
3010,,,,,,,,,,,
3013,,,,,,,,,,,
3014,,,,,,,,,,,
3015,,,,,,,,,,,
3016,,,,,,,,,,,
3017,,,,,,,,,,,
3018,,,,,,,,,,,
3021,,,,,,,,,,,
3022,,,,,,,,,,,
3024,,,,,,,,,,,
3026,,,,,,,,,,,
3028,,,,,,,,,,,
3031,,,,,,,,,,,
3032,,,,,,,,,,,
3033,,,,,,,,,,,
3034,,,,,,,,,,,
3035,,,,,,,,,,,
3036,,,,,,,,,,,
3037,,,,,,,,,,,
3038,,,,,,,,,,,
3041,,,,,,,,,,,
3043,,,,,,,,,,,
3044,,,,,,,,,,,
3047,,,,,,,,,,,
3048,,,,,,,,,,,
3050,,,,,,,,,,,
3051,,,,,,,,,,,
3052,,,,,,,,,,,
3053,,,,,,,,,,,
3054,,,,,,,,,,,
3056,,,,,,,,,,,
3058,,,,,,,,,,,
3059,,,,,,,,,,,
3060,,,,,,,,,,,
3063,,,,,,,,,,,
3066,,,,,,,,,,,
3068,,,,,,,,,,,
3070,,,,,,,,,,,
3071,,,,,,,,,,,
3073,,,,,,,,,,,
3074,,,,,,,,,,,
3075,,,,,,,,,,,
3080,,,,,,,,,,,
3082,,,,,,,,,,,
3086,,,,,,,,,,,
3088,,,,,,,,,,,
3089,,,,,,,,,,,
3090,,,,,,,,,,,
3092,,,,,,,,,,,
3093,,,,,,,,,,,
3094,,,,,,,,,,,
3095,,,,,,,,,,,
3096,,,,,,,,,,,
3097,,,,,,,,,,,
3098,,,,,,,,,,,
3100,,,,,,,,,,,
3101,,,,,,,,,,,
3102,,,,,,,,,,,
3103,,,,,,,,,,,
3104,,,,,,,,,,,
3105,,,,,,,,,,,
3106,,,,,,,,,,,
3107,,,,,,,,,,,
3111,,,,,,,,,,,
3114,,,,,,,,,,,
3116,,,,,,,,,,,
3120,,,,,,,,,,,
3121,,,,,,,,,,,
3122,,,,,,,,,,,
3125,,,,,,,,,,,
3132,,,,,,,,,,,
3133,,,,,,,,,,,
3134,,,,,,,,,,,
3135,,,,,,,,,,,
3136,,,,,,,,,,,
3138,,,,,,,,,,,
3140,,,,,,,,,,,
3142,,,,,,,,,,,
3143,,,,,,,,,,,
3144,,,,,,,,,,,
3146,,,,,,,,,,,
3147,,,,,,,,,,,
3148,,,,,,,,,,,
3149,,,,,,,,,,,
3152,,,,,,,,,,,
3153,,,,,,,,,,,
3155,,,,,,,,,,,
3156,,,,,,,,,,,
3158,,,,,,,,,,,
3160,,,,,,,,,,,
3161,,,,,,,,,,,
3162,,,,,,,,,,,
3163,,,,,,,,,,,
3165,,,,,,,,,,,
3169,,,,,,,,,,,
3171,,,,,,,,,,,
3172,,,,,,,,,,,
3176,,,,,,,,,,,
3178,,,,,,,,,,,
3179,,,,,,,,,,,
3183,,,,,,,,,,,
3192,,,,,,,,,,,
3193,,,,,,,,,,,
3194,,,,,,,,,,,
3196,,,,,,,,,,,
3198,,,,,,,,,,,
3199,,,,,,,,,,,
3201,,,,,,,,,,,
3206,,,,,,,,,,,
3207,,,,,,,,,,,
3208,,,,,,,,,,,
3209,,,,,,,,,,,
3212,,,,,,,,,,,
3213,,,,,,,,,,,
3214,,,,,,,,,,,
3216,,,,,,,,,,,
3218,,,,,,,,,,,
3220,,,,,,,,,,,
3222,,,,,,,,,,,
3224,,,,,,,,,,,
3227,,,,,,,,,,,
3230,,,,,,,,,,,
3231,,,,,,,,,,,
3232,,,,,,,,,,,
3234,,,,,,,,,,,
3235,,,,,,,,,,,
3236,,,,,,,,,,,
3238,,,,,,,,,,,
3240,,,,,,,,,,,
3241,,,,,,,,,,,
3243,,,,,,,,,,,
3248,,,,,,,,,,,
3250,,,,,,,,,,,
3253,,,,,,,,,,,
3258,,,,,,,,,,,
3259,,,,,,,,,,,
3261,,,,,,,,,,,
3262,,,,,,,,,,,
3263,,,,,,,,,,,
3265,,,,,,,,,,,
3268,,,,,,,,,,,
3269,,,,,,,,,,,
3272,,,,,,,,,,,
3273,,,,,,,,,,,
3274,,,,,,,,,,,
3276,,,,,,,,,,,
3277,,,,,,,,,,,
3278,,,,,,,,,,,
3279,,,,,,,,,,,
3280,,,,,,,,,,,
3281,,,,,,,,,,,
3283,,,,,,,,,,,
3284,,,,,,,,,,,
3286,,,,,,,,,,,
3287,,,,,,,,,,,
3289,,,,,,,,,,,
3290,,,,,,,,,,,
3291,,,,,,,,,,,
3292,,,,,,,,,,,
3295,,,,,,,,,,,
3296,,,,,,,,,,,
3297,,,,,,,,,,,
3298,,,,,,,,,,,
3300,,,,,,,,,,,
3301,,,,,,,,,,,
3303,,,,,,,,,,,
3304,,,,,,,,,,,
3305,,,,,,,,,,,
3306,,,,,,,,,,,
3307,,,,,,,,,,,
3310,,,,,,,,,,,
3311,,,,,,,,,,,
3312,,,,,,,,,,,
3313,,,,,,,,,,,
3315,,,,,,,,,,,
3316,,,,,,,,,,,
3317,,,,,,,,,,,
3322,,,,,,,,,,,
3324,,,,,,,,,,,
3326,,,,,,,,,,,
3327,,,,,,,,,,,
3329,,,,,,,,,,,
3330,,,,,,,,,,,
3331,,,,,,,,,,,
3334,,,,,,,,,,,
3337,,,,,,,,,,,
3339,,,,,,,,,,,
3340,,,,,,,,,,,
3341,,,,,,,,,,,
3342,,,,,,,,,,,
3343,,,,,,,,,,,
3345,,,,,,,,,,,
3346,,,,,,,,,,,
3347,,,,,,,,,,,
3349,,,,,,,,,,,
3350,,,,,,,,,,,
3351,,,,,,,,,,,
3352,,,,,,,,,,,
3353,,,,,,,,,,,
3354,,,,,,,,,,,
3356,,,,,,,,,,,
3361,,,,,,,,,,,
3363,,,,,,,,,,,
3368,,,,,,,,,,,
3369,,,,,,,,,,,
3370,,,,,,,,,,,
3372,,,,,,,,,,,
3375,,,,,,,,,,,
3377,,,,,,,,,,,
3378,,,,,,,,,,,
3379,,,,,,,,,,,
3380,,,,,,,,,,,
3381,,,,,,,,,,,
3383,,,,,,,,,,,
3386,,,,,,,,,,,
3389,,,,,,,,,,,
3390,,,,,,,,,,,
3391,,,,,,,,,,,
3394,,,,,,,,,,,
3395,,,,,,,,,,,
3397,,,,,,,,,,,
3398,,,,,,,,,,,
3403,,,,,,,,,,,
3404,,,,,,,,,,,
3408,,,,,,,,,,,
3409,,,,,,,,,,,
3411,,,,,,,,,,,
3412,,,,,,,,,,,
3413,,,,,,,,,,,
3414,,,,,,,,,,,
3415,,,,,,,,,,,
3416,,,,,,,,,,,
3417,,,,,,,,,,,
3421,,,,,,,,,,,
3422,,,,,,,,,,,
3424,,,,,,,,,,,
3425,,,,,,,,,,,
3426,,,,,,,,,,,
3427,,,,,,,,,,,
3428,,,,,,,,,,,
3429,,,,,,,,,,,
3430,,,,,,,,,,,
3432,,,,,,,,,,,
3433,,,,,,,,,,,
3434,,,,,,,,,,,
3435,,,,,,,,,,,
3437,,,,,,,,,,,
3440,,,,,,,,,,,
3441,,,,,,,,,,,
3442,,,,,,,,,,,
3443,,,,,,,,,,,
3445,,,,,,,,,,,
3446,,,,,,,,,,,
3449,,,,,,,,,,,
3450,,,,,,,,,,,
3452,,,,,,,,,,,
3453,,,,,,,,,,,
3454,,,,,,,,,,,
3455,,,,,,,,,,,
3457,,,,,,,,,,,
3459,,,,,,,,,,,
3460,,,,,,,,,,,
3461,,,,,,,,,,,
3462,,,,,,,,,,,
3464,,,,,,,,,,,
3465,,,,,,,,,,,
3468,,,,,,,,,,,
3469,,,,,,,,,,,
3470,,,,,,,,,,,
3472,,,,,,,,,,,
3474,,,,,,,,,,,
3475,,,,,,,,,,,
3478,,,,,,,,,,,
3479,,,,,,,,,,,
3480,,,,,,,,,,,
3483,,,,,,,,,,,
3486,,,,,,,,,,,
3489,,,,,,,,,,,
3491,,,,,,,,,,,
3492,,,,,,,,,,,
3493,,,,,,,,,,,
3494,,,,,,,,,,,
3495,,,,,,,,,,,
3496,,,,,,,,,,,
3497,,,,,,,,,,,
3498,,,,,,,,,,,
3501,,,,,,,,,,,
3502,,,,,,,,,,,
3504,,,,,,,,,,,
3507,,,,,,,,,,,
3508,,,,,,,,,,,
3509,,,,,,,,,,,
3510,,,,,,,,,,,
3511,,,,,,,,,,,
3512,,,,,,,,,,,
3513,,,,,,,,,,,
3514,,,,,,,,,,,
3516,,,,,,,,,,,
3518,,,,,,,,,,,
3519,,,,,,,,,,,
3521,,,,,,,,,,,
3522,,,,,,,,,,,
3524,,,,,,,,,,,
3525,,,,,,,,,,,
3528,,,,,,,,,,,
3529,,,,,,,,,,,
3532,,,,,,,,,,,
3533,,,,,,,,,,,
3536,,,,,,,,,,,
3537,,,,,,,,,,,
3538,,,,,,,,,,,
3539,,,,,,,,,,,
3540,,,,,,,,,,,
3542,,,,,,,,,,,
3549,,,,,,,,,,,
3550,,,,,,,,,,,
3552,,,,,,,,,,,
3556,,,,,,,,,,,
3561,,,,,,,,,,,
3562,,,,,,,,,,,
3563,,,,,,,,,,,
3565,,,,,,,,,,,
3566,,,,,,,,,,,
3567,,,,,,,,,,,
3569,,,,,,,,,,,
3572,,,,,,,,,,,
3575,,,,,,,,,,,
3576,,,,,,,,,,,
3577,,,,,,,,,,,
3580,,,,,,,,,,,
3581,,,,,,,,,,,
3583,,,,,,,,,,,
3584,,,,,,,,,,,
3585,,,,,,,,,,,
3587,,,,,,,,,,,
3590,,,,,,,,,,,
3591,,,,,,,,,,,
3593,,,,,,,,,,,
3594,,,,,,,,,,,
3597,,,,,,,,,,,
3598,,,,,,,,,,,
3600,,,,,,,,,,,
3601,,,,,,,,,,,
3602,,,,,,,,,,,
3603,,,,,,,,,,,
3604,,,,,,,,,,,
3606,,,,,,,,,,,
3607,,,,,,,,,,,
3608,,,,,,,,,,,
3612,,,,,,,,,,,
3614,,,,,,,,,,,
3616,,,,,,,,,,,
3617,,,,,,,,,,,
3618,,,,,,,,,,,
3620,,,,,,,,,,,
3621,,,,,,,,,,,
3622,,,,,,,,,,,
3624,,,,,,,,,,,
3627,,,,,,,,,,,
3630,,,,,,,,,,,
3632,,,,,,,,,,,
3634,,,,,,,,,,,
3635,,,,,,,,,,,
3636,,,,,,,,,,,
3637,,,,,,,,,,,
3639,,,,,,,,,,,
3641,,,,,,,,,,,
3642,,,,,,,,,,,
3644,,,,,,,,,,,
3645,,,,,,,,,,,
3646,,,,,,,,,,,
3648,,,,,,,,,,,
3649,,,,,,,,,,,
3650,,,,,,,,,,,
3651,,,,,,,,,,,
3652,,,,,,,,,,,
3653,,,,,,,,,,,
3656,,,,,,,,,,,
3658,,,,,,,,,,,
3659,,,,,,,,,,,
3661,,,,,,,,,,,
3662,,,,,,,,,,,
3665,,,,,,,,,,,
3667,,,,,,,,,,,
3668,,,,,,,,,,,
3669,,,,,,,,,,,
3670,,,,,,,,,,,
3671,,,,,,,,,,,
3672,,,,,,,,,,,
3674,,,,,,,,,,,
3675,,,,,,,,,,,
3677,,,,,,,,,,,
3680,,,,,,,,,,,
3681,,,,,,,,,,,
3682,,,,,,,,,,,
3686,,,,,,,,,,,
3690,,,,,,,,,,,
3695,,,,,,,,,,,
3696,,,,,,,,,,,
3697,,,,,,,,,,,
3698,,,,,,,,,,,
3699,,,,,,,,,,,
3700,,,,,,,,,,,
3704,,,,,,,,,,,
3705,,,,,,,,,,,
3708,,,,,,,,,,,
3709,,,,,,,,,,,
3710,,,,,,,,,,,
3711,,,,,,,,,,,
3713,,,,,,,,,,,
3716,,,,,,,,,,,
3717,,,,,,,,,,,
3722,,,,,,,,,,,
3725,,,,,,,,,,,
3729,,,,,,,,,,,
3733,,,,,,,,,,,
3734,,,,,,,,,,,
3737,,,,,,,,,,,
3738,,,,,,,,,,,
3741,,,,,,,,,,,
3742,,,,,,,,,,,
3744,,,,,,,,,,,
3746,,,,,,,,,,,
3747,,,,,,,,,,,
3750,,,,,,,,,,,
3752,,,,,,,,,,,
3753,,,,,,,,,,,
3755,,,,,,,,,,,
3756,,,,,,,,,,,
3759,,,,,,,,,,,
3761,,,,,,,,,,,
3763,,,,,,,,,,,
3765,,,,,,,,,,,
3766,,,,,,,,,,,
3768,,,,,,,,,,,
3769,,,,,,,,,,,
3770,,,,,,,,,,,
3771,,,,,,,,,,,
3772,,,,,,,,,,,
3773,,,,,,,,,,,
3774,,,,,,,,,,,
3775,,,,,,,,,,,
3778,,,,,,,,,,,
3779,,,,,,,,,,,
3781,,,,,,,,,,,
3783,,,,,,,,,,,
3784,,,,,,,,,,,
3786,,,,,,,,,,,
3787,,,,,,,,,,,
3789,,,,,,,,,,,
3790,,,,,,,,,,,
3792,,,,,,,,,,,
3793,,,,,,,,,,,
3796,,,,,,,,,,,
3800,,,,,,,,,,,
3803,,,,,,,,,,,
3804,,,,,,,,,,,
3805,,,,,,,,,,,
3806,,,,,,,,,,,
3808,,,,,,,,,,,
3809,,,,,,,,,,,
3810,,,,,,,,,,,
3812,,,,,,,,,,,
3814,,,,,,,,,,,
3815,,,,,,,,,,,
3817,,,,,,,,,,,
3821,,,,,,,,,,,
3822,,,,,,,,,,,
3823,,,,,,,,,,,
3824,,,,,,,,,,,
3826,,,,,,,,,,,
3827,,,,,,,,,,,
3831,,,,,,,,,,,
3832,,,,,,,,,,,
3835,,,,,,,,,,,
3837,,,,,,,,,,,
3838,,,,,,,,,,,
3839,,,,,,,,,,,
3842,,,,,,,,,,,
3844,,,,,,,,,,,
3846,,,,,,,,,,,
3847,,,,,,,,,,,
3848,,,,,,,,,,,
3850,,,,,,,,,,,
3851,,,,,,,,,,,
3852,,,,,,,,,,,
3854,,,,,,,,,,,
3856,,,,,,,,,,,
3857,,,,,,,,,,,
3859,,,,,,,,,,,
3861,,,,,,,,,,,
3862,,,,,,,,,,,
3865,,,,,,,,,,,
3867,,,,,,,,,,,
3869,,,,,,,,,,,
3870,,,,,,,,,,,
3872,,,,,,,,,,,
3875,,,,,,,,,,,
3877,,,,,,,,,,,
3878,,,,,,,,,,,
3879,,,,,,,,,,,
3880,,,,,,,,,,,
3881,,,,,,,,,,,
3883,,,,,,,,,,,
3884,,,,,,,,,,,
3885,,,,,,,,,,,
3886,,,,,,,,,,,
3887,,,,,,,,,,,
3888,,,,,,,,,,,
3889,,,,,,,,,,,
3890,,,,,,,,,,,
3891,,,,,,,,,,,
3892,,,,,,,,,,,
3893,,,,,,,,,,,
3894,,,,,,,,,,,
3895,,,,,,,,,,,
3896,,,,,,,,,,,
3897,,,,,,,,,,,
3899,,,,,,,,,,,
3902,,,,,,,,,,,
3904,,,,,,,,,,,
3905,,,,,,,,,,,
3906,,,,,,,,,,,
3909,,,,,,,,,,,
3912,,,,,,,,,,,
3914,,,,,,,,,,,
3915,,,,,,,,,,,
3916,,,,,,,,,,,
3917,,,,,,,,,,,
3918,,,,,,,,,,,
3919,,,,,,,,,,,
3921,,,,,,,,,,,
3923,,,,,,,,,,,
3924,,,,,,,,,,,
3926,,,,,,,,,,,
3927,,,,,,,,,,,
3928,,,,,,,,,,,
3929,,,,,,,,,,,
3931,,,,,,,,,,,
3934,,,,,,,,,,,
3936,,,,,,,,,,,
3937,,,,,,,,,,,
3938,,,,,,,,,,,
3939,,,,,,,,,,,
3940,,,,,,,,,,,
3943,,,,,,,,,,,
3944,,,,,,,,,,,
3945,,,,,,,,,,,
3946,,,,,,,,,,,
3949,,,,,,,,,,,
3951,,,,,,,,,,,
3952,,,,,,,,,,,
3953,,,,,,,,,,,
3956,,,,,,,,,,,
3958,,,,,,,,,,,
3959,,,,,,,,,,,
3962,,,,,,,,,,,
3963,,,,,,,,,,,
3964,,,,,,,,,,,
3965,,,,,,,,,,,
3966,,,,,,,,,,,
3967,,,,,,,,,,,
3969,,,,,,,,,,,
3970,,,,,,,,,,,
3971,,,,,,,,,,,
3973,,,,,,,,,,,
3975,,,,,,,,,,,
3976,,,,,,,,,,,
3978,,,,,,,,,,,
3979,,,,,,,,,,,
3980,,,,,,,,,,,
3983,,,,,,,,,,,
3986,,,,,,,,,,,
3987,,,,,,,,,,,
3989,,,,,,,,,,,
3990,,,,,,,,,,,
3991,,,,,,,,,,,
3992,,,,,,,,,,,
3993,,,,,,,,,,,
3994,,,,,,,,,,,
3995,,,,,,,,,,,
3996,,,,,,,,,,,
3999,,,,,,,,,,,
4000,,,,,,,,,,,
4001,,,,,,,,,,,
4003,,,,,,,,,,,
4005,,,,,,,,,,,
4006,,,,,,,,,,,
4017,,,,,,,,,,,
4018,,,,,,,,,,,
4019,,,,,,,,,,,
4020,,,,,,,,,,,
4021,,,,,,,,,,,
4023,,,,,,,,,,,
4024,,,,,,,,,,,
4025,,,,,,,,,,,
4026,,,,,,,,,,,
4028,,,,,,,,,,,
4029,,,,,,,,,,,
4030,,,,,,,,,,,
4031,,,,,,,,,,,
4032,,,,,,,,,,,
4033,,,,,,,,,,,
4034,,,,,,,,,,,
4035,,,,,,,,,,,
4036,,,,,,,,,,,
4037,,,,,,,,,,,
4039,,,,,,,,,,,
4040,,,,,,,,,,,
4041,,,,,,,,,,,
4044,,,,,,,,,,,
4046,,,,,,,,,,,
4048,,,,,,,,,,,
4049,,,,,,,,,,,
4054,,,,,,,,,,,
4057,,,,,,,,,,,
4058,,,,,,,,,,,
4059,,,,,,,,,,,
4060,,,,,,,,,,,
4061,,,,,,,,,,,
4062,,,,,,,,,,,
4067,,,,,,,,,,,
4068,,,,,,,,,,,
4069,,,,,,,,,,,
4070,,,,,,,,,,,
4072,,,,,,,,,,,
4075,,,,,,,,,,,
4076,,,,,,,,,,,
4080,,,,,,,,,,,
4081,,,,,,,,,,,
4082,,,,,,,,,,,
4083,,,,,,,,,,,
4086,,,,,,,,,,,
4087,,,,,,,,,,,
4088,,,,,,,,,,,
4092,,,,,,,,,,,
4093,,,,,,,,,,,
4094,,,,,,,,,,,
4096,,,,,,,,,,,
4098,,,,,,,,,,,
4100,,,,,,,,,,,
4101,,,,,,,,,,,
4104,,,,,,,,,,,
4106,,,,,,,,,,,
4109,,,,,,,,,,,
4110,,,,,,,,,,,
4113,,,,,,,,,,,
4115,,,,,,,,,,,
4118,,,,,,,,,,,
4119,,,,,,,,,,,
4120,,,,,,,,,,,
4122,,,,,,,,,,,
4123,,,,,,,,,,,
4125,,,,,,,,,,,
4127,,,,,,,,,,,
4128,,,,,,,,,,,
4129,,,,,,,,,,,
4130,,,,,,,,,,,
4134,,,,,,,,,,,
4136,,,,,,,,,,,
4137,,,,,,,,,,,
4138,,,,,,,,,,,
4139,,,,,,,,,,,
4140,,,,,,,,,,,
4141,,,,,,,,,,,
4143,,,,,,,,,,,
4144,,,,,,,,,,,
4147,,,,,,,,,,,
4150,,,,,,,,,,,
4151,,,,,,,,,,,
4153,,,,,,,,,,,
4154,,,,,,,,,,,
4155,,,,,,,,,,,
4160,,,,,,,,,,,
4161,,,,,,,,,,,
4163,,,,,,,,,,,
4166,,,,,,,,,,,
4167,,,,,,,,,,,
4168,,,,,,,,,,,
4169,,,,,,,,,,,
4170,,,,,,,,,,,
4172,,,,,,,,,,,
4173,,,,,,,,,,,
4174,,,,,,,,,,,
4175,,,,,,,,,,,
4176,,,,,,,,,,,
4177,,,,,,,,,,,
4178,,,,,,,,,,,
4179,,,,,,,,,,,
4180,,,,,,,,,,,
4185,,,,,,,,,,,
4186,,,,,,,,,,,
4188,,,,,,,,,,,
4189,,,,,,,,,,,
4190,,,,,,,,,,,
4191,,,,,,,,,,,
4192,,,,,,,,,,,
4195,,,,,,,,,,,
4196,,,,,,,,,,,
4197,,,,,,,,,,,
4198,,,,,,,,,,,
4199,,,,,,,,,,,
4200,,,,,,,,,,,
4201,,,,,,,,,,,
4203,,,,,,,,,,,
4206,,,,,,,,,,,
4208,,,,,,,,,,,
4209,,,,,,,,,,,
4211,,,,,,,,,,,
4212,,,,,,,,,,,
4215,,,,,,,,,,,
4216,,,,,,,,,,,
4217,,,,,,,,,,,
4218,,,,,,,,,,,
4219,,,,,,,,,,,
4220,,,,,,,,,,,
4223,,,,,,,,,,,
4224,,,,,,,,,,,
4225,,,,,,,,,,,
4227,,,,,,,,,,,
4228,,,,,,,,,,,
4232,,,,,,,,,,,
4233,,,,,,,,,,,
4234,,,,,,,,,,,
4236,,,,,,,,,,,
4237,,,,,,,,,,,
4238,,,,,,,,,,,
4239,,,,,,,,,,,
4240,,,,,,,,,,,
4242,,,,,,,,,,,
4243,,,,,,,,,,,
4245,,,,,,,,,,,
4246,,,,,,,,,,,
4247,,,,,,,,,,,
4249,,,,,,,,,,,
4250,,,,,,,,,,,
4251,,,,,,,,,,,
4252,,,,,,,,,,,
4254,,,,,,,,,,,
4255,,,,,,,,,,,
4257,,,,,,,,,,,
4262,,,,,,,,,,,
4264,,,,,,,,,,,
4266,,,,,,,,,,,
4267,,,,,,,,,,,
4270,,,,,,,,,,,
4271,,,,,,,,,,,
4272,,,,,,,,,,,
4277,,,,,,,,,,,
4279,,,,,,,,,,,
4281,,,,,,,,,,,
4282,,,,,,,,,,,
4283,,,,,,,,,,,
4284,,,,,,,,,,,
4285,,,,,,,,,,,
4286,,,,,,,,,,,
4287,,,,,,,,,,,
4290,,,,,,,,,,,
4291,,,,,,,,,,,
4292,,,,,,,,,,,
4293,,,,,,,,,,,
4294,,,,,,,,,,,
4296,,,,,,,,,,,
4297,,,,,,,,,,,
4298,,,,,,,,,,,
4299,,,,,,,,,,,
4300,,,,,,,,,,,
4304,,,,,,,,,,,
4307,,,,,,,,,,,
4308,,,,,,,,,,,
4310,,,,,,,,,,,
4311,,,,,,,,,,,
4312,,,,,,,,,,,
4313,,,,,,,,,,,
4314,,,,,,,,,,,
4315,,,,,,,,,,,
4316,,,,,,,,,,,
4317,,,,,,,,,,,
4318,,,,,,,,,,,
4322,,,,,,,,,,,
4323,,,,,,,,,,,
4324,,,,,,,,,,,
4325,,,,,,,,,,,
4327,,,,,,,,,,,
4328,,,,,,,,,,,
4329,,,,,,,,,,,
4330,,,,,,,,,,,
4331,,,,,,,,,,,
4332,,,,,,,,,,,
4333,,,,,,,,,,,
4335,,,,,,,,,,,
4336,,,,,,,,,,,
4337,,,,,,,,,,,
4339,,,,,,,,,,,
4340,,,,,,,,,,,
4342,,,,,,,,,,,
4343,,,,,,,,,,,
4344,,,,,,,,,,,
4345,,,,,,,,,,,
4346,,,,,,,,,,,
4347,,,,,,,,,,,
4348,,,,,,,,,,,
4349,,,,,,,,,,,
4350,,,,,,,,,,,
4351,,,,,,,,,,,
4352,,,,,,,,,,,
4356,,,,,,,,,,,
4357,,,,,,,,,,,
4360,,,,,,,,,,,
4361,,,,,,,,,,,
4362,,,,,,,,,,,
4363,,,,,,,,,,,
4365,,,,,,,,,,,
4368,,,,,,,,,,,
4369,,,,,,,,,,,
4370,,,,,,,,,,,
4371,,,,,,,,,,,
4372,,,,,,,,,,,
4375,,,,,,,,,,,
4376,,,,,,,,,,,
4377,,,,,,,,,,,
4378,,,,,,,,,,,
4380,,,,,,,,,,,
4381,,,,,,,,,,,
4382,,,,,,,,,,,
4383,,,,,,,,,,,
4384,,,,,,,,,,,
4385,,,,,,,,,,,
4388,,,,,,,,,,,
4390,,,,,,,,,,,
4394,,,,,,,,,,,
4397,,,,,,,,,,,
4398,,,,,,,,,,,
4402,,,,,,,,,,,
4404,,,,,,,,,,,
4406,,,,,,,,,,,
4408,,,,,,,,,,,
4409,,,,,,,,,,,
4413,,,,,,,,,,,
4415,,,,,,,,,,,
4416,,,,,,,,,,,
4417,,,,,,,,,,,
4420,,,,,,,,,,,
4421,,,,,,,,,,,
4424,,,,,,,,,,,
4425,,,,,,,,,,,
4426,,,,,,,,,,,
4429,,,,,,,,,,,
4430,,,,,,,,,,,
4431,,,,,,,,,,,
4435,,,,,,,,,,,
4440,,,,,,,,,,,
4442,,,,,,,,,,,
4443,,,,,,,,,,,
4446,,,,,,,,,,,
4447,,,,,,,,,,,
4448,,,,,,,,,,,
4449,,,,,,,,,,,
4450,,,,,,,,,,,
4451,,,,,,,,,,,
4452,,,,,,,,,,,
4453,,,,,,,,,,,
4454,,,,,,,,,,,
4455,,,,,,,,,,,
4459,,,,,,,,,,,
4460,,,,,,,,,,,
4464,,,,,,,,,,,
4465,,,,,,,,,,,
4466,,,,,,,,,,,
4467,,,,,,,,,,,
4473,,,,,,,,,,,
4474,,,,,,,,,,,
4475,,,,,,,,,,,
4476,,,,,,,,,,,
4478,,,,,,,,,,,
4482,,,,,,,,,,,
4483,,,,,,,,,,,
4484,,,,,,,,,,,
4485,,,,,,,,,,,
4486,,,,,,,,,,,
4489,,,,,,,,,,,
4490,,,,,,,,,,,
4491,,,,,,,,,,,
4494,,,,,,,,,,,
4496,,,,,,,,,,,
4499,,,,,,,,,,,
4500,,,,,,,,,,,
4501,,,,,,,,,,,
4502,,,,,,,,,,,
4503,,,,,,,,,,,
4504,,,,,,,,,,,
4506,,,,,,,,,,,
4507,,,,,,,,,,,
4508,,,,,,,,,,,
4509,,,,,,,,,,,
4510,,,,,,,,,,,
4512,,,,,,,,,,,
4515,,,,,,,,,,,
4516,,,,,,,,,,,
4519,,,,,,,,,,,
4521,,,,,,,,,,,
4523,,,,,,,,,,,
4525,,,,,,,,,,,
4526,,,,,,,,,,,
4527,,,,,,,,,,,
4529,,,,,,,,,,,
4530,,,,,,,,,,,
4533,,,,,,,,,,,
4534,,,,,,,,,,,
4535,,,,,,,,,,,
4536,,,,,,,,,,,
4538,,,,,,,,,,,
4540,,,,,,,,,,,
4542,,,,,,,,,,,
4543,,,,,,,,,,,
4545,,,,,,,,,,,
4546,,,,,,,,,,,
4547,,,,,,,,,,,
4548,,,,,,,,,,,
4551,,,,,,,,,,,
4552,,,,,,,,,,,
4553,,,,,,,,,,,
4554,,,,,,,,,,,
4556,,,,,,,,,,,
4557,,,,,,,,,,,
4558,,,,,,,,,,,
4559,,,,,,,,,,,
4560,,,,,,,,,,,
4561,,,,,,,,,,,
4562,,,,,,,,,,,
4563,,,,,,,,,,,
4565,,,,,,,,,,,
4567,,,,,,,,,,,
4569,,,,,,,,,,,
4570,,,,,,,,,,,
4573,,,,,,,,,,,
4574,,,,,,,,,,,
4575,,,,,,,,,,,
4577,,,,,,,,,,,
4578,,,,,,,,,,,
4580,,,,,,,,,,,
4582,,,,,,,,,,,
4584,,,,,,,,,,,
4587,,,,,,,,,,,
4588,,,,,,,,,,,
4590,,,,,,,,,,,
4591,,,,,,,,,,,
4592,,,,,,,,,,,
4593,,,,,,,,,,,
4594,,,,,,,,,,,
4595,,,,,,,,,,,
4597,,,,,,,,,,,
4598,,,,,,,,,,,
4599,,,,,,,,,,,
4603,,,,,,,,,,,
4605,,,,,,,,,,,
4606,,,,,,,,,,,
4607,,,,,,,,,,,
4609,,,,,,,,,,,
4610,,,,,,,,,,,
4611,,,,,,,,,,,
4612,,,,,,,,,,,
4613,,,,,,,,,,,
4617,,,,,,,,,,,
4618,,,,,,,,,,,
4619,,,,,,,,,,,
4620,,,,,,,,,,,
4622,,,,,,,,,,,
4624,,,,,,,,,,,
4626,,,,,,,,,,,
4628,,,,,,,,,,,
4629,,,,,,,,,,,
4630,,,,,,,,,,,
4631,,,,,,,,,,,
4632,,,,,,,,,,,
4633,,,,,,,,,,,
4634,,,,,,,,,,,
4636,,,,,,,,,,,
4637,,,,,,,,,,,
4638,,,,,,,,,,,
4640,,,,,,,,,,,
4641,,,,,,,,,,,
4642,,,,,,,,,,,
4643,,,,,,,,,,,
4644,,,,,,,,,,,
4645,,,,,,,,,,,
4646,,,,,,,,,,,
4649,,,,,,,,,,,
4650,,,,,,,,,,,
4653,,,,,,,,,,,
4654,,,,,,,,,,,
4655,,,,,,,,,,,
4657,,,,,,,,,,,
4659,,,,,,,,,,,
4661,,,,,,,,,,,
4662,,,,,,,,,,,
4663,,,,,,,,,,,
4665,,,,,,,,,,,
4667,,,,,,,,,,,
4669,,,,,,,,,,,
4670,,,,,,,,,,,
4672,,,,,,,,,,,
4673,,,,,,,,,,,
4674,,,,,,,,,,,
4677,,,,,,,,,,,
4678,,,,,,,,,,,
4680,,,,,,,,,,,
4681,,,,,,,,,,,
4683,,,,,,,,,,,
4685,,,,,,,,,,,
4687,,,,,,,,,,,
4688,,,,,,,,,,,
4689,,,,,,,,,,,
4690,,,,,,,,,,,
4691,,,,,,,,,,,
4692,,,,,,,,,,,
4693,,,,,,,,,,,
4694,,,,,,,,,,,
4697,,,,,,,,,,,
4699,,,,,,,,,,,
4702,,,,,,,,,,,
4706,,,,,,,,,,,
4707,,,,,,,,,,,
4709,,,,,,,,,,,
4711,,,,,,,,,,,
4712,,,,,,,,,,,
4715,,,,,,,,,,,
4718,,,,,,,,,,,
4719,,,,,,,,,,,
4720,,,,,,,,,,,
4721,,,,,,,,,,,
4722,,,,,,,,,,,
4723,,,,,,,,,,,
4726,,,,,,,,,,,
4727,,,,,,,,,,,
4728,,,,,,,,,,,
4729,,,,,,,,,,,
4736,,,,,,,,,,,
4737,,,,,,,,,,,
4738,,,,,,,,,,,
4739,,,,,,,,,,,
4740,,,,,,,,,,,
4742,,,,,,,,,,,
4743,,,,,,,,,,,
4744,,,,,,,,,,,
4745,,,,,,,,,,,
4746,,,,,,,,,,,
4747,,,,,,,,,,,
4752,,,,,,,,,,,
4753,,,,,,,,,,,
4754,,,,,,,,,,,
4755,,,,,,,,,,,
4756,,,,,,,,,,,
4758,,,,,,,,,,,
4761,,,,,,,,,,,
4762,,,,,,,,,,,
4764,,,,,,,,,,,
4765,,,,,,,,,,,
4766,,,,,,,,,,,
4767,,,,,,,,,,,
4768,,,,,,,,,,,
4770,,,,,,,,,,,
4772,,,,,,,,,,,
4774,,,,,,,,,,,
4777,,,,,,,,,,,
4778,,,,,,,,,,,
4779,,,,,,,,,,,
4780,,,,,,,,,,,
4782,,,,,,,,,,,
4783,,,,,,,,,,,
4786,,,,,,,,,,,
4789,,,,,,,,,,,
4791,,,,,,,,,,,
4793,,,,,,,,,,,
4794,,,,,,,,,,,
4795,,,,,,,,,,,
4796,,,,,,,,,,,
4798,,,,,,,,,,,
4800,,,,,,,,,,,
4803,,,,,,,,,,,
4806,,,,,,,,,,,
4807,,,,,,,,,,,
4810,,,,,,,,,,,
4811,,,,,,,,,,,
4814,,,,,,,,,,,
4816,,,,,,,,,,,
4817,,,,,,,,,,,
4821,,,,,,,,,,,
4822,,,,,,,,,,,
4823,,,,,,,,,,,
4825,,,,,,,,,,,
4826,,,,,,,,,,,
4827,,,,,,,,,,,
4828,,,,,,,,,,,
4829,,,,,,,,,,,
4830,,,,,,,,,,,
4831,,,,,,,,,,,
4832,,,,,,,,,,,
4838,,,,,,,,,,,
4840,,,,,,,,,,,
4841,,,,,,,,,,,
4849,,,,,,,,,,,
4850,,,,,,,,,,,
4851,,,,,,,,,,,
4854,,,,,,,,,,,
4855,,,,,,,,,,,
4856,,,,,,,,,,,
4857,,,,,,,,,,,
4860,,,,,,,,,,,
4861,,,,,,,,,,,
4862,,,,,,,,,,,
4863,,,,,,,,,,,
4864,,,,,,,,,,,
4865,,,,,,,,,,,
4866,,,,,,,,,,,
4867,,,,,,,,,,,
4868,,,,,,,,,,,
4869,,,,,,,,,,,
4870,,,,,,,,,,,
4871,,,,,,,,,,,
4872,,,,,,,,,,,
4874,,,,,,,,,,,
4876,,,,,,,,,,,
4879,,,,,,,,,,,
4881,,,,,,,,,,,
4882,,,,,,,,,,,
4883,,,,,,,,,,,
4886,,,,,,,,,,,
4888,,,,,,,,,,,
4890,,,,,,,,,,,
4892,,,,,,,,,,,
4893,,,,,,,,,,,
4895,,,,,,,,,,,
4896,,,,,,,,,,,
4897,,,,,,,,,,,
4900,,,,,,,,,,,
4904,,,,,,,,,,,
4905,,,,,,,,,,,
4906,,,,,,,,,,,
4907,,,,,,,,,,,
4908,,,,,,,,,,,
4911,,,,,,,,,,,
4915,,,,,,,,,,,
4916,,,,,,,,,,,
4918,,,,,,,,,,,
4920,,,,,,,,,,,
4921,,,,,,,,,,,
4925,,,,,,,,,,,
4926,,,,,,,,,,,
4932,,,,,,,,,,,
4933,,,,,,,,,,,
4935,,,,,,,,,,,
4936,,,,,,,,,,,
4938,,,,,,,,,,,
4939,,,,,,,,,,,
4940,,,,,,,,,,,
4942,,,,,,,,,,,
4943,,,,,,,,,,,
4944,,,,,,,,,,,
4946,,,,,,,,,,,
4947,,,,,,,,,,,
4948,,,,,,,,,,,
4950,,,,,,,,,,,
4951,,,,,,,,,,,
4952,,,,,,,,,,,
4953,,,,,,,,,,,
4954,,,,,,,,,,,
4955,,,,,,,,,,,
4956,,,,,,,,,,,
4959,,,,,,,,,,,
4962,,,,,,,,,,,
4963,,,,,,,,,,,
4964,,,,,,,,,,,
4966,,,,,,,,,,,
4967,,,,,,,,,,,
4968,,,,,,,,,,,
4969,,,,,,,,,,,
4970,,,,,,,,,,,
4974,,,,,,,,,,,
4975,,,,,,,,,,,
4977,,,,,,,,,,,
4979,,,,,,,,,,,
4980,,,,,,,,,,,
4981,,,,,,,,,,,
4985,,,,,,,,,,,
4988,,,,,,,,,,,
4990,,,,,,,,,,,
4991,,,,,,,,,,,
4992,,,,,,,,,,,
4994,,,,,,,,,,,
4996,,,,,,,,,,,
4998,,,,,,,,,,,
4999,,,,,,,,,,,
