Site_Visit_ID,Travel_Time,Total_Observation_Time,Animal_Search_Time,Num_Observers_Searching,Animal_Search_Method,Snow_on_Ground,Percent_Snow_Cover,Snow_in_Tree_Canopy,Site_Visit_Comments
17849,,51 minutes,,,,0,,0,
10189,,13 minutes,,,,0,,0,
11899,,38 minutes,,,,0,,0,
13890,,27 minutes,,,,0,,0,
18433,,35 minutes,,,,0,,0,
17099,,53 minutes,,,,0,,0,
13152,,43 minutes,,,,0,,0,
13843,,19 minutes,,,,0,,0,
16873,,45 minutes,,,,0,,0,
10995,,23 minutes,,,,0,,0,
17629,,40 minutes,,,,0,,0,
12731,,57 minutes,,,,0,,0,
18110,,24 minutes,,,,0,,0,
19062,,17 minutes,,,,0,,0,
10863,,23 minutes,,,,0,,0,
17574,,32 minutes,,,,0,,0,
19914,,49 minutes,,,,0,,0,
19789,,30 minutes,,,,0,,0,
15450,,25 minutes,,,,0,,0,
17392,,54 minutes,,,,0,,0,
15864,,27 minutes,,,,0,,0,
15530,,56 minutes,,,,0,,0,
14931,,33 minutes,,,,0,,0,
14389,,35 minutes,,,,0,,0,
16287,,34 minutes,,,,0,,0,
12511,,54 minutes,,,,0,,0,
17098,,50 minutes,,,,0,,0,
18338,,38 minutes,,,,0,,0,
18680,,24 minutes,,,,0,,0,
12385,,54 minutes,,,,0,,0,
15534,,10 minutes,,,,0,,0,
18815,,34 minutes,,,,0,,0,
12049,,16 minutes,,,,0,,0,
13108,,18 minutes,,,,0,,0,
17400,,33 minutes,,,,0,,0,
11218,,10 minutes,,,,0,,0,
13446,,53 minutes,,,,0,,0,
13436,,17 minutes,,,,0,,0,
10225,,33 minutes,,,,0,,0,
17022,,20 minutes,,,,0,,0,
17679,,26 minutes,,,,0,,0,
11060,,17 minutes,,,,0,,0,
15801,,44 minutes,,,,0,,0,
16971,,44 minutes,,,,0,,0,
16655,,42 minutes,,,,0,,0,
16614,,14 minutes,,,,0,,0,
15919,,51 minutes,,,,0,,0,
13769,,48 minutes,,,,0,,0,
16457,,50 minutes,,,,0,,0,
14777,,37 minutes,,,,0,,0,
13124,,16 minutes,,,,0,,0,
15222,,18 minutes,,,,0,,0,
17027,,17 minutes,,,,0,,0,
17079,,21 minutes,,,,0,,0,
19435,,43 minutes,,,,0,,0,
16617,,42 minutes,,,,0,,0,
17421,,57 minutes,,,,0,,0,
16665,,32 minutes,,,,0,,0,
12489,,33 minutes,,,,0,,0,
14611,,46 minutes,,,,0,,0,
19087,,44 minutes,,,,0,,0,
12427,,53 minutes,,,,0,,0,
18967,,49 minutes,,,,0,,0,
18808,,31 minutes,,,,0,,0,
17164,,36 minutes,,,,0,,0,
12504,,44 minutes,,,,0,,0,
14079,,10 minutes,,,,0,,0,
17266,,44 minutes,,,,0,,0,
11167,,46 minutes,,,,0,,0,
14729,,56 minutes,,,,0,,0,
16731,,23 minutes,,,,0,,0,
11542,,12 minutes,,,,0,,0,
16938,,10 minutes,,,,0,,0,
15541,,14 minutes,,,,0,,0,
11365,,35 minutes,,,,0,,0,
13072,,23 minutes,,,,0,,0,
10504,,48 minutes,,,,0,,0,
10928,,36 minutes,,,,0,,0,
15348,,18 minutes,,,,0,,0,
16190,,24 minutes,,,,0,,0,
13486,,24 minutes,,,,0,,0,
18662,,35 minutes,,,,0,,0,
15063,,51 minutes,,,,0,,0,
18415,,22 minutes,,,,0,,0,
16970,,41 minutes,,,,0,,0,
18702,,48 minutes,,,,0,,0,
19860,,58 minutes,,,,0,,0,
17245,,41 minutes,,,,0,,0,
14544,,13 minutes,,,,0,,0,
10249,,39 minutes,,,,0,,0,
11077,,46 minutes,,,,0,,0,
14719,,32 minutes,,,,0,,0,
14673,,48 minutes,,,,0,,0,
16238,,54 minutes,,,,0,,0,
11887,,24 minutes,,,,0,,0,
16777,,52 minutes,,,,0,,0,
13900,,38 minutes,,,,0,,0,
12593,,45 minutes,,,,0,,0,
11276,,22 minutes,,,,0,,0,
18717,,41 minutes,,,,0,,0,
16809,,16 minutes,,,,0,,0,
15126,,31 minutes,,,,0,,0,
16506,,37 minutes,,,,0,,0,
16882,,11 minutes,,,,0,,0,
18905,,51 minutes,,,,0,,0,
16229,,54 minutes,,,,0,,0,
16288,,15 minutes,,,,0,,0,
16316,,37 minutes,,,,0,,0,
18915,,37 minutes,,,,0,,0,
19765,,53 minutes,,,,0,,0,
19093,,53 minutes,,,,0,,0,
12219,,29 minutes,,,,0,,0,
12832,,39 minutes,,,,0,,0,
13490,,20 minutes,,,,0,,0,
11908,,37 minutes,,,,0,,0,
12560,,34 minutes,,,,0,,0,
19064,,48 minutes,,,,0,,0,
19506,,42 minutes,,,,0,,0,
17546,,10 minutes,,,,0,,0,
10600,,36 minutes,,,,0,,0,
16943,,22 minutes,,,,0,,0,
12190,,50 minutes,,,,0,,0,
14033,,12 minutes,,,,0,,0,
14018,,48 minutes,,,,0,,0,
16371,,15 minutes,,,,0,,0,
13228,,17 minutes,,,,0,,0,
10094,,36 minutes,,,,0,,0,
16166,,18 minutes,,,,0,,0,
10984,,46 minutes,,,,0,,0,
13876,,42 minutes,,,,0,,0,
16024,,51 minutes,,,,0,,0,
11792,,53 minutes,,,,0,,0,
19397,,33 minutes,,,,0,,0,
14021,,24 minutes,,,,0,,0,
12708,,41 minutes,,,,0,,0,
19138,,41 minutes,,,,0,,0,
14873,,33 minutes,,,,0,,0,
13462,,50 minutes,,,,0,,0,
18519,,58 minutes,,,,0,,0,
13675,,58 minutes,,,,0,,0,
19503,,21 minutes,,,,0,,0,
16612,,48 minutes,,,,0,,0,
14425,,11 minutes,,,,0,,0,
14177,,12 minutes,,,,0,,0,
14841,,58 minutes,,,,0,,0,
10804,,46 minutes,,,,0,,0,
17083,,58 minutes,,,,0,,0,
12679,,26 minutes,,,,0,,0,
14831,,58 minutes,,,,0,,0,
12599,,11 minutes,,,,0,,0,
12541,,11 minutes,,,,0,,0,
18996,,37 minutes,,,,0,,0,
15475,,32 minutes,,,,0,,0,
17141,,46 minutes,,,,0,,0,
19442,,41 minutes,,,,0,,0,
16212,,42 minutes,,,,0,,0,
11762,,10 minutes,,,,0,,0,
10153,,28 minutes,,,,0,,0,
15760,,11 minutes,,,,0,,0,
17970,,53 minutes,,,,0,,0,
18363,,35 minutes,,,,0,,0,
16667,,41 minutes,,,,0,,0,
13004,,15 minutes,,,,0,,0,
17982,,41 minutes,,,,0,,0,
10338,,13 minutes,,,,0,,0,
15604,,20 minutes,,,,0,,0,
16609,,26 minutes,,,,0,,0,
18044,,47 minutes,,,,0,,0,
17206,,33 minutes,,,,0,,0,
18436,,14 minutes,,,,0,,0,
17069,,43 minutes,,,,0,,0,
13760,,15 minutes,,,,0,,0,
14388,,31 minutes,,,,0,,0,
18056,,20 minutes,,,,0,,0,
19130,,57 minutes,,,,0,,0,
17486,,25 minutes,,,,0,,0,
11868,,42 minutes,,,,0,,0,
15690,,18 minutes,,,,0,,0,
19076,,15 minutes,,,,0,,0,
10824,,25 minutes,,,,0,,0,
16402,,38 minutes,,,,0,,0,
10726,,12 minutes,,,,0,,0,
14675,,29 minutes,,,,0,,0,
19179,,45 minutes,,,,0,,0,
19547,,28 minutes,,,,0,,0,
19752,,35 minutes,,,,0,,0,
17291,,12 minutes,,,,0,,0,
11007,,28 minutes,,,,0,,0,
11435,,29 minutes,,,,0,,0,
17491,,41 minutes,,,,0,,0,
18073,,16 minutes,,,,0,,0,
16353,,50 minutes,,,,0,,0,
15346,,42 minutes,,,,0,,0,
19645,,49 minutes,,,,0,,0,
10038,,48 minutes,,,,0,,0,
13155,,27 minutes,,,,0,,0,
10988,,49 minutes,,,,0,,0,
15626,,10 minutes,,,,0,,0,
13598,,20 minutes,,,,0,,0,
13056,,37 minutes,,,,0,,0,
15390,,34 minutes,,,,0,,0,
13676,,59 minutes,,,,0,,0,
10959,,32 minutes,,,,0,,0,
12946,,40 minutes,,,,0,,0,
11875,,39 minutes,,,,0,,0,
17014,,51 minutes,,,,0,,0,
19078,,44 minutes,,,,0,,0,
11925,,16 minutes,,,,0,,0,
18907,,25 minutes,,,,0,,0,
18442,,35 minutes,,,,0,,0,
10021,,57 minutes,,,,0,,0,
17179,,58 minutes,,,,0,,0,
13638,,11 minutes,,,,0,,0,
12356,,10 minutes,,,,0,,0,
17057,,57 minutes,,,,0,,0,
12920,,21 minutes,,,,0,,0,
18946,,14 minutes,,,,0,,0,
10352,,46 minutes,,,,0,,0,
10158,,41 minutes,,,,0,,0,
19579,,18 minutes,,,,0,,0,
11712,,50 minutes,,,,0,,0,
19465,,44 minutes,,,,0,,0,
19633,,28 minutes,,,,0,,0,
11394,,57 minutes,,,,0,,0,
15724,,25 minutes,,,,0,,0,
16276,,12 minutes,,,,0,,0,
16099,,29 minutes,,,,0,,0,
13568,,33 minutes,,,,0,,0,
10956,,42 minutes,,,,0,,0,
16262,,33 minutes,,,,0,,0,
19200,,20 minutes,,,,0,,0,
12289,,58 minutes,,,,0,,0,
17473,,17 minutes,,,,0,,0,
17351,,45 minutes,,,,0,,0,
17595,,47 minutes,,,,0,,0,
10891,,49 minutes,,,,0,,0,
19991,,29 minutes,,,,0,,0,
19710,,44 minutes,,,,0,,0,
10703,,57 minutes,,,,0,,0,
16924,,34 minutes,,,,0,,0,
17114,,44 minutes,,,,0,,0,
14114,,34 minutes,,,,0,,0,
19042,,38 minutes,,,,0,,0,
19816,,27 minutes,,,,0,,0,
12875,,55 minutes,,,,0,,0,
16059,,27 minutes,,,,0,,0,
19218,,11 minutes,,,,0,,0,
11177,,44 minutes,,,,0,,0,
19873,,25 minutes,,,,0,,0,
12137,,50 minutes,,,,0,,0,
13654,,45 minutes,,,,0,,0,
11798,,42 minutes,,,,0,,0,
17285,,13 minutes,,,,0,,0,
15752,,42 minutes,,,,0,,0,
11316,,23 minutes,,,,0,,0,
13273,,30 minutes,,,,0,,0,
19776,,57 minutes,,,,0,,0,
18853,,29 minutes,,,,0,,0,
10987,,17 minutes,,,,0,,0,
19160,,16 minutes,,,,0,,0,
12475,,12 minutes,,,,0,,0,
18258,,26 minutes,,,,0,,0,
15249,,42 minutes,,,,0,,0,
19424,,57 minutes,,,,0,,0,
14211,,21 minutes,,,,0,,0,
13374,,31 minutes,,,,0,,0,
12493,,31 minutes,,,,0,,0,
13083,,55 minutes,,,,0,,0,
11679,,39 minutes,,,,0,,0,
16770,,47 minutes,,,,0,,0,
18555,,47 minutes,,,,0,,0,
14037,,54 minutes,,,,0,,0,
14895,,17 minutes,,,,0,,0,
14406,,36 minutes,,,,0,,0,
18435,,36 minutes,,,,0,,0,
15548,,43 minutes,,,,0,,0,
17693,,30 minutes,,,,0,,0,
17002,,39 minutes,,,,0,,0,
11048,,42 minutes,,,,0,,0,
17137,,37 minutes,,,,0,,0,
17340,,56 minutes,,,,0,,0,
13036,,42 minutes,,,,0,,0,
16610,,14 minutes,,,,0,,0,
16488,,57 minutes,,,,0,,0,
17857,,28 minutes,,,,0,,0,
11549,,13 minutes,,,,0,,0,
13716,,44 minutes,,,,0,,0,
14837,,58 minutes,,,,0,,0,
16356,,26 minutes,,,,0,,0,
10671,,53 minutes,,,,0,,0,
18616,,37 minutes,,,,0,,0,
10775,,39 minutes,,,,0,,0,
18080,,38 minutes,,,,0,,0,
14940,,55 minutes,,,,0,,0,
13456,,15 minutes,,,,0,,0,
11668,,44 minutes,,,,0,,0,
19832,,50 minutes,,,,0,,0,
12196,,46 minutes,,,,0,,0,
10780,,33 minutes,,,,0,,0,
10521,,38 minutes,,,,0,,0,
14583,,58 minutes,,,,0,,0,
10685,,55 minutes,,,,0,,0,
19759,,40 minutes,,,,0,,0,
14875,,44 minutes,,,,0,,0,
18706,,42 minutes,,,,0,,0,
12460,,30 minutes,,,,0,,0,
17295,,41 minutes,,,,0,,0,
17353,,32 minutes,,,,0,,0,
16019,,42 minutes,,,,0,,0,
12520,,12 minutes,,,,0,,0,
19114,,27 minutes,,,,0,,0,
12649,,34 minutes,,,,0,,0,
17604,,51 minutes,,,,0,,0,
17902,,40 minutes,,,,0,,0,
10697,,12 minutes,,,,0,,0,
11929,,49 minutes,,,,0,,0,
17909,,55 minutes,,,,0,,0,
10541,,33 minutes,,,,0,,0,
18623,,59 minutes,,,,0,,0,
11169,,41 minutes,,,,0,,0,
11283,,56 minutes,,,,0,,0,
12125,,31 minutes,,,,0,,0,
18691,,32 minutes,,,,0,,0,
15068,,11 minutes,,,,0,,0,
12757,,36 minutes,,,,0,,0,
16900,,51 minutes,,,,0,,0,
16868,,11 minutes,,,,0,,0,
10162,,35 minutes,,,,0,,0,
19833,,26 minutes,,,,0,,0,
19032,,49 minutes,,,,0,,0,
12643,,42 minutes,,,,0,,0,
10689,,18 minutes,,,,0,,0,
17345,,52 minutes,,,,0,,0,
10597,,57 minutes,,,,0,,0,
12090,,48 minutes,,,,0,,0,
14624,,38 minutes,,,,0,,0,
13648,,51 minutes,,,,0,,0,
12105,,35 minutes,,,,0,,0,
12113,,44 minutes,,,,0,,0,
19259,,59 minutes,,,,0,,0,
16744,,34 minutes,,,,0,,0,
12551,,33 minutes,,,,0,,0,
17239,,22 minutes,,,,0,,0,
10258,,16 minutes,,,,0,,0,
16629,,45 minutes,,,,0,,0,
17167,,54 minutes,,,,0,,0,
10687,,29 minutes,,,,0,,0,
19973,,10 minutes,,,,0,,0,
17183,,17 minutes,,,,0,,0,
15108,,55 minutes,,,,0,,0,
19177,,25 minutes,,,,0,,0,
19890,,23 minutes,,,,0,,0,
11098,,21 minutes,,,,0,,0,
16980,,32 minutes,,,,0,,0,
16049,,24 minutes,,,,0,,0,
10155,,37 minutes,,,,0,,0,
15779,,43 minutes,,,,0,,0,
18831,,11 minutes,,,,0,,0,
16040,,41 minutes,,,,0,,0,
11531,,32 minutes,,,,0,,0,
11460,,31 minutes,,,,0,,0,
18259,,34 minutes,,,,0,,0,
15374,,31 minutes,,,,0,,0,
15154,,31 minutes,,,,0,,0,
19491,,58 minutes,,,,0,,0,
19250,,51 minutes,,,,0,,0,
10342,,15 minutes,,,,0,,0,
16317,,24 minutes,,,,0,,0,
16748,,52 minutes,,,,0,,0,
13740,,46 minutes,,,,0,,0,
10771,,42 minutes,,,,0,,0,
10193,,17 minutes,,,,0,,0,
19984,,53 minutes,,,,0,,0,
13736,,53 minutes,,,,0,,0,
18921,,14 minutes,,,,0,,0,
17616,,48 minutes,,,,0,,0,
18333,,13 minutes,,,,0,,0,
14492,,15 minutes,,,,0,,0,
16132,,54 minutes,,,,0,,0,
14615,,41 minutes,,,,0,,0,
15806,,39 minutes,,,,0,,0,
10989,,56 minutes,,,,0,,0,
11774,,44 minutes,,,,0,,0,
13808,,49 minutes,,,,0,,0,
11130,,25 minutes,,,,0,,0,
12120,,22 minutes,,,,0,,0,
11823,,59 minutes,,,,0,,0,
15160,,51 minutes,,,,0,,0,
11141,,39 minutes,,,,0,,0,
10006,,28 minutes,,,,0,,0,
15906,,26 minutes,,,,0,,0,
11829,,28 minutes,,,,0,,0,
11054,,37 minutes,,,,0,,0,
19591,,35 minutes,,,,0,,0,
19370,,46 minutes,,,,0,,0,
12309,,35 minutes,,,,0,,0,
14009,,32 minutes,,,,0,,0,
16313,,18 minutes,,,,0,,0,
10785,,21 minutes,,,,0,,0,
14154,,10 minutes,,,,0,,0,
17684,,10 minutes,,,,0,,0,
10882,,56 minutes,,,,0,,0,
17166,,43 minutes,,,,0,,0,
12454,,41 minutes,,,,0,,0,
13825,,57 minutes,,,,0,,0,
16142,,34 minutes,,,,0,,0,
11863,,49 minutes,,,,0,,0,
13935,,54 minutes,,,,0,,0,
19134,,10 minutes,,,,0,,0,
13420,,25 minutes,,,,0,,0,
13735,,48 minutes,,,,0,,0,
17537,,14 minutes,,,,0,,0,
11088,,31 minutes,,,,0,,0,
19959,,38 minutes,,,,0,,0,
18448,,12 minutes,,,,0,,0,
13175,,21 minutes,,,,0,,0,
17427,,35 minutes,,,,0,,0,
13426,,25 minutes,,,,0,,0,
12130,,46 minutes,,,,0,,0,
11589,,31 minutes,,,,0,,0,
19203,,38 minutes,,,,0,,0,
16846,,23 minutes,,,,0,,0,
19227,,37 minutes,,,,0,,0,
17016,,14 minutes,,,,0,,0,
11884,,56 minutes,,,,0,,0,
19009,,58 minutes,,,,0,,0,
18859,,39 minutes,,,,0,,0,
15793,,55 minutes,,,,0,,0,
19298,,14 minutes,,,,0,,0,
17094,,21 minutes,,,,0,,0,
19120,,25 minutes,,,,0,,0,
14888,,35 minutes,,,,0,,0,
11673,,35 minutes,,,,0,,0,
13748,,57 minutes,,,,0,,0,
18016,,30 minutes,,,,0,,0,
12158,,48 minutes,,,,0,,0,
18931,,45 minutes,,,,0,,0,
13227,,42 minutes,,,,0,,0,
15818,,39 minutes,,,,0,,0,
14063,,46 minutes,,,,0,,0,
12566,,32 minutes,,,,0,,0,
13718,,19 minutes,,,,0,,0,
14426,,14 minutes,,,,0,,0,
18835,,45 minutes,,,,0,,0,
13276,,43 minutes,,,,0,,0,
15223,,40 minutes,,,,0,,0,
12606,,19 minutes,,,,0,,0,
19968,,28 minutes,,,,0,,0,
12295,,41 minutes,,,,0,,0,
12783,,10 minutes,,,,0,,0,
12645,,14 minutes,,,,0,,0,
15637,,54 minutes,,,,0,,0,
16474,,13 minutes,,,,0,,0,
19797,,25 minutes,,,,0,,0,
19467,,33 minutes,,,,0,,0,
17160,,25 minutes,,,,0,,0,
17186,,11 minutes,,,,0,,0,
19475,,58 minutes,,,,0,,0,
11296,,37 minutes,,,,0,,0,
13008,,41 minutes,,,,0,,0,
13699,,36 minutes,,,,0,,0,
11913,,29 minutes,,,,0,,0,
12780,,33 minutes,,,,0,,0,
10660,,21 minutes,,,,0,,0,
16297,,59 minutes,,,,0,,0,
12179,,44 minutes,,,,0,,0,
14316,,42 minutes,,,,0,,0,
14570,,42 minutes,,,,0,,0,
13607,,52 minutes,,,,0,,0,
18120,,46 minutes,,,,0,,0,
10580,,21 minutes,,,,0,,0,
15445,,12 minutes,,,,0,,0,
16534,,10 minutes,,,,0,,0,
15141,,42 minutes,,,,0,,0,
18463,,49 minutes,,,,0,,0,
18712,,19 minutes,,,,0,,0,
12800,,52 minutes,,,,0,,0,
11104,,53 minutes,,,,0,,0,
13854,,38 minutes,,,,0,,0,
10406,,22 minutes,,,,0,,0,
13664,,21 minutes,,,,0,,0,
19523,,40 minutes,,,,0,,0,
10999,,55 minutes,,,,0,,0,
11481,,11 minutes,,,,0,,0,
13093,,59 minutes,,,,0,,0,
17951,,44 minutes,,,,0,,0,
14595,,32 minutes,,,,0,,0,
15131,,26 minutes,,,,0,,0,
10139,,35 minutes,,,,0,,0,
16043,,17 minutes,,,,0,,0,
10049,,38 minutes,,,,0,,0,
18345,,35 minutes,,,,0,,0,
11518,,19 minutes,,,,0,,0,
12195,,35 minutes,,,,0,,0,
12849,,43 minutes,,,,0,,0,
11306,,50 minutes,,,,0,,0,
14195,,16 minutes,,,,0,,0,
12642,,13 minutes,,,,0,,0,
18751,,59 minutes,,,,0,,0,
12461,,54 minutes,,,,0,,0,
19283,,20 minutes,,,,0,,0,
12093,,38 minutes,,,,0,,0,
14937,,45 minutes,,,,0,,0,
11364,,34 minutes,,,,0,,0,
18089,,30 minutes,,,,0,,0,
14017,,45 minutes,,,,0,,0,
11134,,19 minutes,,,,0,,0,
16136,,46 minutes,,,,0,,0,
14897,,18 minutes,,,,0,,0,
13901,,33 minutes,,,,0,,0,
11629,,44 minutes,,,,0,,0,
12068,,58 minutes,,,,0,,0,
10802,,44 minutes,,,,0,,0,
13606,,57 minutes,,,,0,,0,
12591,,45 minutes,,,,0,,0,
12854,,27 minutes,,,,0,,0,
12594,,58 minutes,,,,0,,0,
10086,,48 minutes,,,,0,,0,
12773,,41 minutes,,,,0,,0,
16815,,33 minutes,,,,0,,0,
13687,,32 minutes,,,,0,,0,
14757,,41 minutes,,,,0,,0,
19928,,46 minutes,,,,0,,0,
13630,,21 minutes,,,,0,,0,
15628,,58 minutes,,,,0,,0,
12242,,22 minutes,,,,0,,0,
15618,,32 minutes,,,,0,,0,
14188,,34 minutes,,,,0,,0,
14927,,44 minutes,,,,0,,0,
16160,,50 minutes,,,,0,,0,
10717,,39 minutes,,,,0,,0,
14994,,26 minutes,,,,0,,0,
18575,,58 minutes,,,,0,,0,
12565,,29 minutes,,,,0,,0,
13406,,57 minutes,,,,0,,0,
10531,,34 minutes,,,,0,,0,
10002,,31 minutes,,,,0,,0,
16239,,22 minutes,,,,0,,0,
10954,,28 minutes,,,,0,,0,
12561,,58 minutes,,,,0,,0,
17485,,45 minutes,,,,0,,0,
14334,,21 minutes,,,,0,,0,
16111,,50 minutes,,,,0,,0,
17957,,28 minutes,,,,0,,0,
14933,,21 minutes,,,,0,,0,
15710,,18 minutes,,,,0,,0,
12103,,16 minutes,,,,0,,0,
14172,,37 minutes,,,,0,,0,
11205,,23 minutes,,,,0,,0,
19867,,40 minutes,,,,0,,0,
16623,,28 minutes,,,,0,,0,
13839,,56 minutes,,,,0,,0,
10067,,25 minutes,,,,0,,0,
13521,,14 minutes,,,,0,,0,
12258,,44 minutes,,,,0,,0,
16838,,21 minutes,,,,0,,0,
14996,,34 minutes,,,,0,,0,
15232,,30 minutes,,,,0,,0,
15213,,45 minutes,,,,0,,0,
19136,,32 minutes,,,,0,,0,
17175,,25 minutes,,,,0,,0,
19133,,48 minutes,,,,0,,0,
17382,,54 minutes,,,,0,,0,
12259,,51 minutes,,,,0,,0,
17431,,48 minutes,,,,0,,0,
15750,,23 minutes,,,,0,,0,
11546,,40 minutes,,,,0,,0,
14145,,14 minutes,,,,0,,0,
16628,,44 minutes,,,,0,,0,
18775,,32 minutes,,,,0,,0,
16026,,38 minutes,,,,0,,0,
10861,,52 minutes,,,,0,,0,
19182,,20 minutes,,,,0,,0,
10776,,27 minutes,,,,0,,0,
15518,,56 minutes,,,,0,,0,
17692,,21 minutes,,,,0,,0,
17124,,18 minutes,,,,0,,0,
10446,,19 minutes,,,,0,,0,
16587,,53 minutes,,,,0,,0,
15558,,26 minutes,,,,0,,0,
12535,,47 minutes,,,,0,,0,
11252,,16 minutes,,,,0,,0,
11881,,55 minutes,,,,0,,0,
11574,,22 minutes,,,,0,,0,
12985,,49 minutes,,,,0,,0,
12979,,51 minutes,,,,0,,0,
15447,,18 minutes,,,,0,,0,
13343,,59 minutes,,,,0,,0,
10870,,36 minutes,,,,0,,0,
11647,,11 minutes,,,,0,,0,
12761,,14 minutes,,,,0,,0,
14512,,38 minutes,,,,0,,0,
13791,,46 minutes,,,,0,,0,
11504,,47 minutes,,,,0,,0,
18263,,28 minutes,,,,0,,0,
10307,,17 minutes,,,,0,,0,
16226,,57 minutes,,,,0,,0,
12863,,54 minutes,,,,0,,0,
14005,,10 minutes,,,,0,,0,
16615,,31 minutes,,,,0,,0,
11273,,26 minutes,,,,0,,0,
18002,,16 minutes,,,,0,,0,
13354,,34 minutes,,,,0,,0,
16305,,54 minutes,,,,0,,0,
17299,,13 minutes,,,,0,,0,
10128,,45 minutes,,,,0,,0,
13970,,15 minutes,,,,0,,0,
15552,,40 minutes,,,,0,,0,
12044,,28 minutes,,,,0,,0,
18383,,53 minutes,,,,0,,0,
13783,,48 minutes,,,,0,,0,
12052,,36 minutes,,,,0,,0,
14538,,19 minutes,,,,0,,0,
14500,,35 minutes,,,,0,,0,
16845,,28 minutes,,,,0,,0,
14591,,48 minutes,,,,0,,0,
16509,,12 minutes,,,,0,,0,
13580,,54 minutes,,,,0,,0,
19460,,22 minutes,,,,0,,0,
17984,,59 minutes,,,,0,,0,
18901,,37 minutes,,,,0,,0,
16928,,29 minutes,,,,0,,0,
17566,,37 minutes,,,,0,,0,
11003,,17 minutes,,,,0,,0,
14827,,50 minutes,,,,0,,0,
10757,,48 minutes,,,,0,,0,
19772,,10 minutes,,,,0,,0,
11001,,12 minutes,,,,0,,0,
15316,,22 minutes,,,,0,,0,
17549,,37 minutes,,,,0,,0,
18069,,58 minutes,,,,0,,0,
12806,,34 minutes,,,,0,,0,
10224,,42 minutes,,,,0,,0,
11106,,47 minutes,,,,0,,0,
12971,,15 minutes,,,,0,,0,
16782,,53 minutes,,,,0,,0,
17905,,54 minutes,,,,0,,0,
11620,,41 minutes,,,,0,,0,
13792,,54 minutes,,,,0,,0,
19169,,56 minutes,,,,0,,0,
18432,,30 minutes,,,,0,,0,
18378,,25 minutes,,,,0,,0,
17478,,30 minutes,,,,0,,0,
19379,,20 minutes,,,,0,,0,
19141,,46 minutes,,,,0,,0,
19021,,45 minutes,,,,0,,0,
10931,,44 minutes,,,,0,,0,
16382,,28 minutes,,,,0,,0,
11873,,29 minutes,,,,0,,0,
11859,,27 minutes,,,,0,,0,
15308,,56 minutes,,,,0,,0,
11907,,50 minutes,,,,0,,0,
18151,,58 minutes,,,,0,,0,
17469,,23 minutes,,,,0,,0,
15002,,24 minutes,,,,0,,0,
12077,,40 minutes,,,,0,,0,
19036,,10 minutes,,,,0,,0,
11260,,12 minutes,,,,0,,0,
15593,,25 minutes,,,,0,,0,
17240,,32 minutes,,,,0,,0,
13809,,20 minutes,,,,0,,0,
11409,,21 minutes,,,,0,,0,
12172,,19 minutes,,,,0,,0,
17825,,41 minutes,,,,0,,0,
14427,,25 minutes,,,,0,,0,
17940,,17 minutes,,,,0,,0,
10615,,47 minutes,,,,0,,0,
17454,,21 minutes,,,,0,,0,
14054,,33 minutes,,,,0,,0,
10325,,37 minutes,,,,0,,0,
14932,,17 minutes,,,,0,,0,
19462,,37 minutes,,,,0,,0,
14078,,45 minutes,,,,0,,0,
11986,,35 minutes,,,,0,,0,
19043,,17 minutes,,,,0,,0,
14039,,59 minutes,,,,0,,0,
13823,,37 minutes,,,,0,,0,
17244,,37 minutes,,,,0,,0,
16578,,46 minutes,,,,0,,0,
13346,,50 minutes,,,,0,,0,
18105,,45 minutes,,,,0,,0,
13957,,36 minutes,,,,0,,0,
17833,,26 minutes,,,,0,,0,
13892,,18 minutes,,,,0,,0,
18792,,42 minutes,,,,0,,0,
15867,,29 minutes,,,,0,,0,
19104,,22 minutes,,,,0,,0,
10919,,37 minutes,,,,0,,0,
15275,,57 minutes,,,,0,,0,
13622,,38 minutes,,,,0,,0,
15185,,22 minutes,,,,0,,0,
10692,,55 minutes,,,,0,,0,
16533,,44 minutes,,,,0,,0,
17933,,15 minutes,,,,0,,0,
19756,,27 minutes,,,,0,,0,
13956,,14 minutes,,,,0,,0,
15540,,56 minutes,,,,0,,0,
12181,,34 minutes,,,,0,,0,
19846,,11 minutes,,,,0,,0,
12395,,19 minutes,,,,0,,0,
12670,,39 minutes,,,,0,,0,
16663,,59 minutes,,,,0,,0,
19906,,54 minutes,,,,0,,0,
18022,,14 minutes,,,,0,,0,
13510,,42 minutes,,,,0,,0,
15428,,10 minutes,,,,0,,0,
14658,,27 minutes,,,,0,,0,
11312,,41 minutes,,,,0,,0,
15730,,56 minutes,,,,0,,0,
11366,,58 minutes,,,,0,,0,
12887,,20 minutes,,,,0,,0,
15014,,30 minutes,,,,0,,0,
13729,,35 minutes,,,,0,,0,
13159,,34 minutes,,,,0,,0,
12387,,31 minutes,,,,0,,0,
17966,,36 minutes,,,,0,,0,
16772,,58 minutes,,,,0,,0,
11985,,22 minutes,,,,0,,0,
10901,,42 minutes,,,,0,,0,
15622,,43 minutes,,,,0,,0,
16079,,50 minutes,,,,0,,0,
19856,,44 minutes,,,,0,,0,
15521,,10 minutes,,,,0,,0,
17813,,30 minutes,,,,0,,0,
10198,,57 minutes,,,,0,,0,
10790,,15 minutes,,,,0,,0,
11174,,37 minutes,,,,0,,0,
14086,,26 minutes,,,,0,,0,
12795,,14 minutes,,,,0,,0,
11605,,40 minutes,,,,0,,0,
15074,,14 minutes,,,,0,,0,
12371,,47 minutes,,,,0,,0,
17088,,12 minutes,,,,0,,0,
19947,,32 minutes,,,,0,,0,
19488,,46 minutes,,,,0,,0,
16691,,46 minutes,,,,0,,0,
16358,,19 minutes,,,,0,,0,
10190,,19 minutes,,,,0,,0,
13829,,28 minutes,,,,0,,0,
11754,,26 minutes,,,,0,,0,
18881,,30 minutes,,,,0,,0,
11412,,23 minutes,,,,0,,0,
11391,,18 minutes,,,,0,,0,
12939,,55 minutes,,,,0,,0,
19265,,10 minutes,,,,0,,0,
13150,,54 minutes,,,,0,,0,
13199,,22 minutes,,,,0,,0,
10596,,13 minutes,,,,0,,0,
16468,,10 minutes,,,,0,,0,
18456,,58 minutes,,,,0,,0,
17893,,49 minutes,,,,0,,0,
19637,,41 minutes,,,,0,,0,
17104,,43 minutes,,,,0,,0,
11567,,37 minutes,,,,0,,0,
10294,,40 minutes,,,,0,,0,
16801,,17 minutes,,,,0,,0,
12809,,48 minutes,,,,0,,0,
12118,,35 minutes,,,,0,,0,
14565,,43 minutes,,,,0,,0,
19743,,12 minutes,,,,0,,0,
15823,,59 minutes,,,,0,,0,
13398,,21 minutes,,,,0,,0,
18518,,10 minutes,,,,0,,0,
10437,,53 minutes,,,,0,,0,
15529,,14 minutes,,,,0,,0,
10547,,39 minutes,,,,0,,0,
13140,,39 minutes,,,,0,,0,
18997,,26 minutes,,,,0,,0,
17481,,57 minutes,,,,0,,0,
14704,,56 minutes,,,,0,,0,
19533,,32 minutes,,,,0,,0,
12415,,24 minutes,,,,0,,0,
10924,,46 minutes,,,,0,,0,
10495,,30 minutes,,,,0,,0,
13085,,23 minutes,,,,0,,0,
15523,,11 minutes,,,,0,,0,
17246,,20 minutes,,,,0,,0,
12905,,48 minutes,,,,0,,0,
15599,,47 minutes,,,,0,,0,
18096,,43 minutes,,,,0,,0,
18834,,47 minutes,,,,0,,0,
19261,,59 minutes,,,,0,,0,
11212,,43 minutes,,,,0,,0,
17433,,27 minutes,,,,0,,0,
17367,,39 minutes,,,,0,,0,
14243,,24 minutes,,,,0,,0,
12713,,36 minutes,,,,0,,0,
13192,,43 minutes,,,,0,,0,
10142,,47 minutes,,,,0,,0,
10534,,42 minutes,,,,0,,0,
10471,,33 minutes,,,,0,,0,
13309,,24 minutes,,,,0,,0,
19154,,39 minutes,,,,0,,0,
19057,,51 minutes,,,,0,,0,
10641,,26 minutes,,,,0,,0,
10773,,14 minutes,,,,0,,0,
16795,,38 minutes,,,,0,,0,
10739,,13 minutes,,,,0,,0,
15127,,19 minutes,,,,0,,0,
15645,,26 minutes,,,,0,,0,
13732,,19 minutes,,,,0,,0,
16998,,26 minutes,,,,0,,0,
15413,,29 minutes,,,,0,,0,
18569,,33 minutes,,,,0,,0,
14938,,14 minutes,,,,0,,0,
10231,,43 minutes,,,,0,,0,
12623,,15 minutes,,,,0,,0,
17072,,11 minutes,,,,0,,0,
14497,,22 minutes,,,,0,,0,
11565,,52 minutes,,,,0,,0,
18627,,52 minutes,,,,0,,0,
10942,,57 minutes,,,,0,,0,
19494,,20 minutes,,,,0,,0,
15262,,56 minutes,,,,0,,0,
17787,,32 minutes,,,,0,,0,
16380,,25 minutes,,,,0,,0,
17311,,40 minutes,,,,0,,0,
16964,,20 minutes,,,,0,,0,
14379,,25 minutes,,,,0,,0,
10877,,17 minutes,,,,0,,0,
10544,,13 minutes,,,,0,,0,
13172,,49 minutes,,,,0,,0,
16821,,13 minutes,,,,0,,0,
14402,,34 minutes,,,,0,,0,
13985,,12 minutes,,,,0,,0,
13019,,41 minutes,,,,0,,0,
19524,,12 minutes,,,,0,,0,
17952,,36 minutes,,,,0,,0,
15289,,38 minutes,,,,0,,0,
11173,,41 minutes,,,,0,,0,
12262,,59 minutes,,,,0,,0,
12429,,28 minutes,,,,0,,0,
12607,,30 minutes,,,,0,,0,
16811,,14 minutes,,,,0,,0,
14428,,27 minutes,,,,0,,0,
10364,,37 minutes,,,,0,,0,
10579,,51 minutes,,,,0,,0,
14150,,31 minutes,,,,0,,0,
16537,,30 minutes,,,,0,,0,
19408,,15 minutes,,,,0,,0,
18347,,10 minutes,,,,0,,0,
14372,,14 minutes,,,,0,,0,
15490,,50 minutes,,,,0,,0,
16354,,21 minutes,,,,0,,0,
19232,,35 minutes,,,,0,,0,
19744,,55 minutes,,,,0,,0,
18134,,43 minutes,,,,0,,0,
13992,,58 minutes,,,,0,,0,
11992,,23 minutes,,,,0,,0,
11860,,35 minutes,,,,0,,0,
18971,,54 minutes,,,,0,,0,
15398,,36 minutes,,,,0,,0,
17378,,18 minutes,,,,0,,0,
18038,,35 minutes,,,,0,,0,
10317,,56 minutes,,,,0,,0,
10118,,31 minutes,,,,0,,0,
18609,,56 minutes,,,,0,,0,
18177,,39 minutes,,,,0,,0,
10508,,52 minutes,,,,0,,0,
15495,,57 minutes,,,,0,,0,
17890,,26 minutes,,,,0,,0,
13557,,35 minutes,,,,0,,0,
19383,,45 minutes,,,,0,,0,
13395,,10 minutes,,,,0,,0,
18257,,17 minutes,,,,0,,0,
18418,,58 minutes,,,,0,,0,
11036,,44 minutes,,,,0,,0,
19335,,24 minutes,,,,0,,0,
17645,,56 minutes,,,,0,,0,
18278,,31 minutes,,,,0,,0,
17777,,23 minutes,,,,0,,0,
13535,,35 minutes,,,,0,,0,
12790,,37 minutes,,,,0,,0,
13933,,32 minutes,,,,0,,0,
19774,,23 minutes,,,,0,,0,
13636,,33 minutes,,,,0,,0,
17743,,11 minutes,,,,0,,0,
17170,,54 minutes,,,,0,,0,
15322,,35 minutes,,,,0,,0,
14161,,23 minutes,,,,0,,0,
12658,,16 minutes,,,,0,,0,
17210,,12 minutes,,,,0,,0,
11074,,56 minutes,,,,0,,0,
13007,,32 minutes,,,,0,,0,
11211,,55 minutes,,,,0,,0,
13185,,52 minutes,,,,0,,0,
10048,,56 minutes,,,,0,,0,
14468,,54 minutes,,,,0,,0,
14698,,27 minutes,,,,0,,0,
11840,,47 minutes,,,,0,,0,
10282,,44 minutes,,,,0,,0,
12970,,24 minutes,,,,0,,0,
10066,,34 minutes,,,,0,,0,
13670,,46 minutes,,,,0,,0,
14631,,37 minutes,,,,0,,0,
13549,,19 minutes,,,,0,,0,
15611,,48 minutes,,,,0,,0,
15577,,26 minutes,,,,0,,0,
12063,,48 minutes,,,,0,,0,
11294,,31 minutes,,,,0,,0,
15956,,35 minutes,,,,0,,0,
19697,,53 minutes,,,,0,,0,
13787,,34 minutes,,,,0,,0,
15988,,26 minutes,,,,0,,0,
18867,,22 minutes,,,,0,,0,
17226,,29 minutes,,,,0,,0,
12542,,34 minutes,,,,0,,0,
17396,,13 minutes,,,,0,,0,
17926,,19 minutes,,,,0,,0,
18553,,12 minutes,,,,0,,0,
19244,,50 minutes,,,,0,,0,
13932,,54 minutes,,,,0,,0,
14016,,27 minutes,,,,0,,0,
19485,,56 minutes,,,,0,,0,
12149,,45 minutes,,,,0,,0,
19747,,56 minutes,,,,0,,0,
19118,,31 minutes,,,,0,,0,
17456,,43 minutes,,,,0,,0,
12251,,56 minutes,,,,0,,0,
16041,,17 minutes,,,,0,,0,
15419,,49 minutes,,,,0,,0,
11468,,58 minutes,,,,0,,0,
12147,,53 minutes,,,,0,,0,
17866,,28 minutes,,,,0,,0,
14920,,51 minutes,,,,0,,0,
16986,,50 minutes,,,,0,,0,
18159,,46 minutes,,,,0,,0,
18113,,15 minutes,,,,0,,0,
17968,,35 minutes,,,,0,,0,
18719,,43 minutes,,,,0,,0,
15191,,54 minutes,,,,0,,0,
17856,,15 minutes,,,,0,,0,
19314,,46 minutes,,,,0,,0,
10250,,42 minutes,,,,0,,0,
18417,,31 minutes,,,,0,,0,
17610,,30 minutes,,,,0,,0,
12370,,15 minutes,,,,0,,0,
16794,,15 minutes,,,,0,,0,
18524,,57 minutes,,,,0,,0,
13170,,13 minutes,,,,0,,0,
10028,,39 minutes,,,,0,,0,
19019,,20 minutes,,,,0,,0,
15839,,39 minutes,,,,0,,0,
10754,,40 minutes,,,,0,,0,
11040,,33 minutes,,,,0,,0,
10075,,18 minutes,,,,0,,0,
15188,,12 minutes,,,,0,,0,
13677,,40 minutes,,,,0,,0,
18123,,49 minutes,,,,0,,0,
16343,,46 minutes,,,,0,,0,
16159,,45 minutes,,,,0,,0,
10727,,33 minutes,,,,0,,0,
15095,,40 minutes,,,,0,,0,
17135,,15 minutes,,,,0,,0,
13401,,11 minutes,,,,0,,0,
14155,,29 minutes,,,,0,,0,
18624,,37 minutes,,,,0,,0,
12233,,20 minutes,,,,0,,0,
17526,,13 minutes,,,,0,,0,
19965,,24 minutes,,,,0,,0,
11096,,15 minutes,,,,0,,0,
19746,,58 minutes,,,,0,,0,
10595,,39 minutes,,,,0,,0,
14439,,47 minutes,,,,0,,0,
17385,,11 minutes,,,,0,,0,
11030,,24 minutes,,,,0,,0,
11447,,20 minutes,,,,0,,0,
12907,,17 minutes,,,,0,,0,
19190,,35 minutes,,,,0,,0,
10395,,54 minutes,,,,0,,0,
12510,,53 minutes,,,,0,,0,
18405,,14 minutes,,,,0,,0,
12486,,15 minutes,,,,0,,0,
13554,,35 minutes,,,,0,,0,
17095,,13 minutes,,,,0,,0,
13771,,28 minutes,,,,0,,0,
19284,,29 minutes,,,,0,,0,
14466,,42 minutes,,,,0,,0,
12765,,29 minutes,,,,0,,0,
11857,,58 minutes,,,,0,,0,
11872,,21 minutes,,,,0,,0,
14749,,56 minutes,,,,0,,0,
15463,,10 minutes,,,,0,,0,
13793,,35 minutes,,,,0,,0,
18809,,23 minutes,,,,0,,0,
15424,,47 minutes,,,,0,,0,
13078,,46 minutes,,,,0,,0,
12523,,20 minutes,,,,0,,0,
14581,,45 minutes,,,,0,,0,
16552,,22 minutes,,,,0,,0,
16035,,52 minutes,,,,0,,0,
10834,,12 minutes,,,,0,,0,
16598,,42 minutes,,,,0,,0,
16519,,15 minutes,,,,0,,0,
19496,,59 minutes,,,,0,,0,
11325,,19 minutes,,,,0,,0,
12722,,14 minutes,,,,0,,0,
11242,,32 minutes,,,,0,,0,
13758,,19 minutes,,,,0,,0,
17280,,53 minutes,,,,0,,0,
13845,,11 minutes,,,,0,,0,
10064,,22 minutes,,,,0,,0,
19607,,49 minutes,,,,0,,0,
18880,,11 minutes,,,,0,,0,
14259,,29 minutes,,,,0,,0,
13431,,10 minutes,,,,0,,0,
12892,,46 minutes,,,,0,,0,
13641,,18 minutes,,,,0,,0,
14662,,26 minutes,,,,0,,0,
18856,,18 minutes,,,,0,,0,
10667,,20 minutes,,,,0,,0,
18613,,24 minutes,,,,0,,0,
19894,,33 minutes,,,,0,,0,
10391,,47 minutes,,,,0,,0,
12384,,44 minutes,,,,0,,0,
16895,,39 minutes,,,,0,,0,
17548,,40 minutes,,,,0,,0,
13548,,58 minutes,,,,0,,0,
11231,,14 minutes,,,,0,,0,
12803,,53 minutes,,,,0,,0,
19035,,59 minutes,,,,0,,0,
10132,,23 minutes,,,,0,,0,
19735,,20 minutes,,,,0,,0,
14134,,18 minutes,,,,0,,0,
19850,,43 minutes,,,,0,,0,
10966,,21 minutes,,,,0,,0,
14647,,44 minutes,,,,0,,0,
14357,,44 minutes,,,,0,,0,
19510,,10 minutes,,,,0,,0,
12870,,49 minutes,,,,0,,0,
18728,,31 minutes,,,,0,,0,
14542,,38 minutes,,,,0,,0,
11558,,17 minutes,,,,0,,0,
11103,,20 minutes,,,,0,,0,
17869,,50 minutes,,,,0,,0,
13384,,46 minutes,,,,0,,0,
17756,,23 minutes,,,,0,,0,
15755,,39 minutes,,,,0,,0,
18128,,44 minutes,,,,0,,0,
10604,,30 minutes,,,,0,,0,
19724,,46 minutes,,,,0,,0,
15780,,14 minutes,,,,0,,0,
16611,,28 minutes,,,,0,,0,
11069,,23 minutes,,,,0,,0,
11363,,35 minutes,,,,0,,0,
14311,,13 minutes,,,,0,,0,
13671,,34 minutes,,,,0,,0,
18444,,54 minutes,,,,0,,0,
15574,,51 minutes,,,,0,,0,
14409,,34 minutes,,,,0,,0,
16843,,27 minutes,,,,0,,0,
11079,,49 minutes,,,,0,,0,
15006,,17 minutes,,,,0,,0,
18705,,48 minutes,,,,0,,0,
19280,,49 minutes,,,,0,,0,
11309,,23 minutes,,,,0,,0,
13363,,41 minutes,,,,0,,0,
11439,,47 minutes,,,,0,,0,
10669,,42 minutes,,,,0,,0,
10109,,32 minutes,,,,0,,0,
17619,,24 minutes,,,,0,,0,
10298,,42 minutes,,,,0,,0,
10783,,34 minutes,,,,0,,0,
19148,,26 minutes,,,,0,,0,
10238,,42 minutes,,,,0,,0,
14795,,56 minutes,,,,0,,0,
19721,,11 minutes,,,,0,,0,
14331,,23 minutes,,,,0,,0,
13262,,49 minutes,,,,0,,0,
14320,,49 minutes,,,,0,,0,
13133,,48 minutes,,,,0,,0,
15539,,15 minutes,,,,0,,0,
19763,,15 minutes,,,,0,,0,
19173,,12 minutes,,,,0,,0,
19969,,16 minutes,,,,0,,0,
10583,,17 minutes,,,,0,,0,
13347,,51 minutes,,,,0,,0,
13272,,24 minutes,,,,0,,0,
12492,,56 minutes,,,,0,,0,
12322,,38 minutes,,,,0,,0,
15247,,42 minutes,,,,0,,0,
16668,,39 minutes,,,,0,,0,
17586,,48 minutes,,,,0,,0,
14922,,36 minutes,,,,0,,0,
16521,,45 minutes,,,,0,,0,
11293,,38 minutes,,,,0,,0,
19629,,47 minutes,,,,0,,0,
12759,,42 minutes,,,,0,,0,
14323,,46 minutes,,,,0,,0,
10869,,36 minutes,,,,0,,0,
16524,,42 minutes,,,,0,,0,
19007,,13 minutes,,,,0,,0,
16694,,31 minutes,,,,0,,0,
17024,,11 minutes,,,,0,,0,
14083,,19 minutes,,,,0,,0,
14023,,14 minutes,,,,0,,0,
19528,,19 minutes,,,,0,,0,
15985,,42 minutes,,,,0,,0,
15295,,47 minutes,,,,0,,0,
15221,,22 minutes,,,,0,,0,
16722,,40 minutes,,,,0,,0,
14890,,56 minutes,,,,0,,0,
14366,,45 minutes,,,,0,,0,
19858,,54 minutes,,,,0,,0,
12810,,33 minutes,,,,0,,0,
13621,,24 minutes,,,,0,,0,
10652,,38 minutes,,,,0,,0,
14759,,17 minutes,,,,0,,0,
19580,,14 minutes,,,,0,,0,
18593,,38 minutes,,,,0,,0,
13923,,56 minutes,,,,0,,0,
11244,,13 minutes,,,,0,,0,
13399,,21 minutes,,,,0,,0,
10372,,54 minutes,,,,0,,0,
12431,,11 minutes,,,,0,,0,
19407,,36 minutes,,,,0,,0,
18855,,40 minutes,,,,0,,0,
12825,,45 minutes,,,,0,,0,
13088,,45 minutes,,,,0,,0,
15872,,35 minutes,,,,0,,0,
10973,,52 minutes,,,,0,,0,
14830,,36 minutes,,,,0,,0,
14477,,14 minutes,,,,0,,0,
19753,,29 minutes,,,,0,,0,
15829,,20 minutes,,,,0,,0,
10148,,19 minutes,,,,0,,0,
19116,,49 minutes,,,,0,,0,
15086,,47 minutes,,,,0,,0,
18903,,15 minutes,,,,0,,0,
17407,,17 minutes,,,,0,,0,
17986,,32 minutes,,,,0,,0,
15769,,56 minutes,,,,0,,0,
14893,,35 minutes,,,,0,,0,
11785,,55 minutes,,,,0,,0,
17727,,52 minutes,,,,0,,0,
10680,,21 minutes,,,,0,,0,
17939,,35 minutes,,,,0,,0,
13081,,22 minutes,,,,0,,0,
12107,,49 minutes,,,,0,,0,
17432,,27 minutes,,,,0,,0,
14300,,34 minutes,,,,0,,0,
12335,,42 minutes,,,,0,,0,
13988,,56 minutes,,,,0,,0,
18652,,49 minutes,,,,0,,0,
17600,,52 minutes,,,,0,,0,
11751,,21 minutes,,,,0,,0,
10256,,53 minutes,,,,0,,0,
11682,,45 minutes,,,,0,,0,
11975,,57 minutes,,,,0,,0,
15692,,13 minutes,,,,0,,0,
12963,,14 minutes,,,,0,,0,
17773,,46 minutes,,,,0,,0,
14332,,17 minutes,,,,0,,0,
11845,,51 minutes,,,,0,,0,
11578,,58 minutes,,,,0,,0,
12646,,37 minutes,,,,0,,0,
13872,,40 minutes,,,,0,,0,
10765,,18 minutes,,,,0,,0,
19341,,38 minutes,,,,0,,0,
12666,,23 minutes,,,,0,,0,
19834,,49 minutes,,,,0,,0,
15899,,50 minutes,,,,0,,0,
19187,,31 minutes,,,,0,,0,
17736,,20 minutes,,,,0,,0,
14019,,32 minutes,,,,0,,0,
19908,,10 minutes,,,,0,,0,
19193,,55 minutes,,,,0,,0,
14284,,46 minutes,,,,0,,0,
15901,,30 minutes,,,,0,,0,
14482,,35 minutes,,,,0,,0,
18643,,55 minutes,,,,0,,0,
15241,,45 minutes,,,,0,,0,
15790,,32 minutes,,,,0,,0,
18663,,10 minutes,,,,0,,0,
14659,,49 minutes,,,,0,,0,
18160,,24 minutes,,,,0,,0,
19916,,30 minutes,,,,0,,0,
16452,,56 minutes,,,,0,,0,
12690,,18 minutes,,,,0,,0,
10690,,18 minutes,,,,0,,0,
10892,,19 minutes,,,,0,,0,
10897,,35 minutes,,,,0,,0,
15013,,50 minutes,,,,0,,0,
12515,,44 minutes,,,,0,,0,
10992,,34 minutes,,,,0,,0,
19083,,35 minutes,,,,0,,0,
15969,,20 minutes,,,,0,,0,
19168,,47 minutes,,,,0,,0,
14268,,11 minutes,,,,0,,0,
13858,,16 minutes,,,,0,,0,
10456,,27 minutes,,,,0,,0,
11146,,36 minutes,,,,0,,0,
18634,,43 minutes,,,,0,,0,
11461,,36 minutes,,,,0,,0,
19910,,26 minutes,,,,0,,0,
17028,,52 minutes,,,,0,,0,
10952,,53 minutes,,,,0,,0,
14584,,33 minutes,,,,0,,0,
13094,,34 minutes,,,,0,,0,
17807,,16 minutes,,,,0,,0,
13683,,15 minutes,,,,0,,0,
19695,,33 minutes,,,,0,,0,
16092,,42 minutes,,,,0,,0,
10253,,58 minutes,,,,0,,0,
14637,,38 minutes,,,,0,,0,
11100,,52 minutes,,,,0,,0,
13523,,31 minutes,,,,0,,0,
13080,,35 minutes,,,,0,,0,
10623,,37 minutes,,,,0,,0,
13772,,59 minutes,,,,0,,0,
13367,,30 minutes,,,,0,,0,
12634,,58 minutes,,,,0,,0,
15955,,16 minutes,,,,0,,0,
17041,,26 minutes,,,,0,,0,
13540,,29 minutes,,,,0,,0,
18215,,50 minutes,,,,0,,0,
18370,,58 minutes,,,,0,,0,
14979,,29 minutes,,,,0,,0,
15220,,31 minutes,,,,0,,0,
14233,,37 minutes,,,,0,,0,
19255,,49 minutes,,,,0,,0,
18493,,58 minutes,,,,0,,0,
10768,,16 minutes,,,,0,,0,
13104,,10 minutes,,,,0,,0,
18168,,41 minutes,,,,0,,0,
15263,,22 minutes,,,,0,,0,
18235,,39 minutes,,,,0,,0,
14080,,32 minutes,,,,0,,0,
11892,,28 minutes,,,,0,,0,
19450,,41 minutes,,,,0,,0,
16032,,39 minutes,,,,0,,0,
15369,,38 minutes,,,,0,,0,
10716,,58 minutes,,,,0,,0,
13037,,54 minutes,,,,0,,0,
10233,,38 minutes,,,,0,,0,
10889,,39 minutes,,,,0,,0,
10427,,25 minutes,,,,0,,0,
17313,,49 minutes,,,,0,,0,
18090,,28 minutes,,,,0,,0,
15403,,27 minutes,,,,0,,0,
17145,,10 minutes,,,,0,,0,
18107,,23 minutes,,,,0,,0,
16747,,56 minutes,,,,0,,0,
10537,,59 minutes,,,,0,,0,
19696,,11 minutes,,,,0,,0,
11909,,37 minutes,,,,0,,0,
12083,,58 minutes,,,,0,,0,
10756,,59 minutes,,,,0,,0,
15261,,39 minutes,,,,0,,0,
14190,,47 minutes,,,,0,,0,
10755,,13 minutes,,,,0,,0,
14060,,10 minutes,,,,0,,0,
11145,,17 minutes,,,,0,,0,
10296,,38 minutes,,,,0,,0,
14292,,48 minutes,,,,0,,0,
12316,,12 minutes,,,,0,,0,
14587,,41 minutes,,,,0,,0,
16172,,19 minutes,,,,0,,0,
17238,,19 minutes,,,,0,,0,
18664,,28 minutes,,,,0,,0,
11806,,55 minutes,,,,0,,0,
11525,,43 minutes,,,,0,,0,
11055,,42 minutes,,,,0,,0,
19650,,32 minutes,,,,0,,0,
14181,,37 minutes,,,,0,,0,
13514,,41 minutes,,,,0,,0,
17507,,59 minutes,,,,0,,0,
15024,,16 minutes,,,,0,,0,
11110,,38 minutes,,,,0,,0,
15897,,17 minutes,,,,0,,0,
14027,,10 minutes,,,,0,,0,
19679,,12 minutes,,,,0,,0,
18419,,33 minutes,,,,0,,0,
12575,,32 minutes,,,,0,,0,
10065,,17 minutes,,,,0,,0,
17989,,56 minutes,,,,0,,0,
14419,,46 minutes,,,,0,,0,
18620,,12 minutes,,,,0,,0,
15731,,42 minutes,,,,0,,0,
16401,,37 minutes,,,,0,,0,
14967,,56 minutes,,,,0,,0,
14677,,17 minutes,,,,0,,0,
17640,,43 minutes,,,,0,,0,
18245,,44 minutes,,,,0,,0,
10442,,41 minutes,,,,0,,0,
17058,,33 minutes,,,,0,,0,
11031,,23 minutes,,,,0,,0,
14567,,41 minutes,,,,0,,0,
10234,,55 minutes,,,,0,,0,
11291,,52 minutes,,,,0,,0,
14997,,25 minutes,,,,0,,0,
10740,,13 minutes,,,,0,,0,
15153,,46 minutes,,,,0,,0,
17991,,30 minutes,,,,0,,0,
19327,,23 minutes,,,,0,,0,
10120,,40 minutes,,,,0,,0,
17236,,57 minutes,,,,0,,0,
15828,,27 minutes,,,,0,,0,
18994,,16 minutes,,,,0,,0,
11809,,19 minutes,,,,0,,0,
19862,,16 minutes,,,,0,,0,
18065,,42 minutes,,,,0,,0,
15759,,32 minutes,,,,0,,0,
17973,,30 minutes,,,,0,,0,
18534,,28 minutes,,,,0,,0,
13897,,57 minutes,,,,0,,0,
11878,,28 minutes,,,,0,,0,
11515,,45 minutes,,,,0,,0,
13544,,38 minutes,,,,0,,0,
15492,,27 minutes,,,,0,,0,
15373,,11 minutes,,,,0,,0,
12217,,10 minutes,,,,0,,0,
10815,,56 minutes,,,,0,,0,
16869,,14 minutes,,,,0,,0,
12470,,29 minutes,,,,0,,0,
15974,,20 minutes,,,,0,,0,
11387,,51 minutes,,,,0,,0,
11618,,11 minutes,,,,0,,0,
17063,,12 minutes,,,,0,,0,
18860,,32 minutes,,,,0,,0,
16708,,21 minutes,,,,0,,0,
14923,,29 minutes,,,,0,,0,
19066,,14 minutes,,,,0,,0,
10607,,46 minutes,,,,0,,0,
13838,,47 minutes,,,,0,,0,
17644,,39 minutes,,,,0,,0,
13853,,18 minutes,,,,0,,0,
14250,,43 minutes,,,,0,,0,
12347,,53 minutes,,,,0,,0,
13065,,44 minutes,,,,0,,0,
10076,,31 minutes,,,,0,,0,
10675,,53 minutes,,,,0,,0,
17652,,33 minutes,,,,0,,0,
17740,,26 minutes,,,,0,,0,
10068,,19 minutes,,,,0,,0,
15396,,39 minutes,,,,0,,0,
11478,,55 minutes,,,,0,,0,
18166,,32 minutes,,,,0,,0,
14526,,41 minutes,,,,0,,0,
19107,,26 minutes,,,,0,,0,
17971,,59 minutes,,,,0,,0,
17062,,26 minutes,,,,0,,0,
17147,,23 minutes,,,,0,,0,
19432,,18 minutes,,,,0,,0,
14200,,49 minutes,,,,0,,0,
11793,,11 minutes,,,,0,,0,
16170,,54 minutes,,,,0,,0,
18411,,34 minutes,,,,0,,0,
19304,,48 minutes,,,,0,,0,
13349,,18 minutes,,,,0,,0,
11417,,31 minutes,,,,0,,0,
17391,,52 minutes,,,,0,,0,
18289,,55 minutes,,,,0,,0,
11816,,13 minutes,,,,0,,0,
15775,,35 minutes,,,,0,,0,
15660,,38 minutes,,,,0,,0,
11334,,54 minutes,,,,0,,0,
15674,,43 minutes,,,,0,,0,
10949,,32 minutes,,,,0,,0,
13819,,46 minutes,,,,0,,0,
10107,,20 minutes,,,,0,,0,
14969,,15 minutes,,,,0,,0,
19983,,27 minutes,,,,0,,0,
17963,,30 minutes,,,,0,,0,
19330,,51 minutes,,,,0,,0,
12808,,45 minutes,,,,0,,0,
18823,,50 minutes,,,,0,,0,
14317,,47 minutes,,,,0,,0,
16413,,43 minutes,,,,0,,0,
18243,,26 minutes,,,,0,,0,
10814,,46 minutes,,,,0,,0,
14062,,34 minutes,,,,0,,0,
17013,,47 minutes,,,,0,,0,
17635,,21 minutes,,,,0,,0,
13435,,32 minutes,,,,0,,0,
12180,,51 minutes,,,,0,,0,
13270,,31 minutes,,,,0,,0,
15062,,30 minutes,,,,0,,0,
14621,,36 minutes,,,,0,,0,
10510,,40 minutes,,,,0,,0,
14666,,15 minutes,,,,0,,0,
14457,,36 minutes,,,,0,,0,
12667,,49 minutes,,,,0,,0,
14798,,43 minutes,,,,0,,0,
18269,,21 minutes,,,,0,,0,
18473,,54 minutes,,,,0,,0,
14861,,16 minutes,,,,0,,0,
13312,,19 minutes,,,,0,,0,
19487,,54 minutes,,,,0,,0,
17254,,26 minutes,,,,0,,0,
16634,,35 minutes,,,,0,,0,
16437,,30 minutes,,,,0,,0,
18711,,37 minutes,,,,0,,0,
14558,,55 minutes,,,,0,,0,
12477,,11 minutes,,,,0,,0,
12160,,52 minutes,,,,0,,0,
12922,,10 minutes,,,,0,,0,
18093,,45 minutes,,,,0,,0,
19292,,35 minutes,,,,0,,0,
10375,,38 minutes,,,,0,,0,
17540,,30 minutes,,,,0,,0,
12366,,20 minutes,,,,0,,0,
18976,,49 minutes,,,,0,,0,
11614,,20 minutes,,,,0,,0,
13653,,45 minutes,,,,0,,0,
10730,,58 minutes,,,,0,,0,
19393,,48 minutes,,,,0,,0,
15651,,49 minutes,,,,0,,0,
13909,,44 minutes,,,,0,,0,
12337,,43 minutes,,,,0,,0,
12711,,56 minutes,,,,0,,0,
12655,,33 minutes,,,,0,,0,
10972,,31 minutes,,,,0,,0,
15747,,14 minutes,,,,0,,0,
10918,,42 minutes,,,,0,,0,
13881,,45 minutes,,,,0,,0,
10400,,56 minutes,,,,0,,0,
11656,,29 minutes,,,,0,,0,
14649,,28 minutes,,,,0,,0,
19852,,44 minutes,,,,0,,0,
19377,,52 minutes,,,,0,,0,
15819,,26 minutes,,,,0,,0,
18556,,54 minutes,,,,0,,0,
12538,,52 minutes,,,,0,,0,
10910,,43 minutes,,,,0,,0,
19630,,18 minutes,,,,0,,0,
14722,,35 minutes,,,,0,,0,
13355,,11 minutes,,,,0,,0,
16579,,18 minutes,,,,0,,0,
12398,,18 minutes,,,,0,,0,
10642,,49 minutes,,,,0,,0,
13650,,26 minutes,,,,0,,0,
10354,,10 minutes,,,,0,,0,
16505,,34 minutes,,,,0,,0,
16057,,52 minutes,,,,0,,0,
14959,,49 minutes,,,,0,,0,
10881,,51 minutes,,,,0,,0,
19429,,34 minutes,,,,0,,0,
17956,,48 minutes,,,,0,,0,
14536,,44 minutes,,,,0,,0,
17715,,12 minutes,,,,0,,0,
18287,,59 minutes,,,,0,,0,
14905,,46 minutes,,,,0,,0,
11360,,53 minutes,,,,0,,0,
13925,,53 minutes,,,,0,,0,
17119,,39 minutes,,,,0,,0,
11440,,47 minutes,,,,0,,0,
18412,,43 minutes,,,,0,,0,
12945,,21 minutes,,,,0,,0,
12218,,28 minutes,,,,0,,0,
10056,,46 minutes,,,,0,,0,
19674,,53 minutes,,,,0,,0,
19780,,58 minutes,,,,0,,0,
14971,,26 minutes,,,,0,,0,
15768,,19 minutes,,,,0,,0,
17686,,58 minutes,,,,0,,0,
19814,,56 minutes,,,,0,,0,
10637,,21 minutes,,,,0,,0,
13842,,25 minutes,,,,0,,0,
13952,,33 minutes,,,,0,,0,
19692,,28 minutes,,,,0,,0,
19573,,17 minutes,,,,0,,0,
19771,,40 minutes,,,,0,,0,
19395,,30 minutes,,,,0,,0,
10497,,26 minutes,,,,0,,0,
11607,,32 minutes,,,,0,,0,
18520,,46 minutes,,,,0,,0,
15415,,25 minutes,,,,0,,0,
13291,,15 minutes,,,,0,,0,
14764,,17 minutes,,,,0,,0,
19982,,34 minutes,,,,0,,0,
15803,,27 minutes,,,,0,,0,
18722,,34 minutes,,,,0,,0,
15265,,21 minutes,,,,0,,0,
16569,,24 minutes,,,,0,,0,
17508,,35 minutes,,,,0,,0,
15722,,50 minutes,,,,0,,0,
11497,,54 minutes,,,,0,,0,
19088,,35 minutes,,,,0,,0,
18875,,56 minutes,,,,0,,0,
13759,,41 minutes,,,,0,,0,
10063,,19 minutes,,,,0,,0,
16596,,25 minutes,,,,0,,0,
10279,,16 minutes,,,,0,,0,
11217,,26 minutes,,,,0,,0,
18966,,32 minutes,,,,0,,0,
11059,,35 minutes,,,,0,,0,
12473,,30 minutes,,,,0,,0,
14549,,31 minutes,,,,0,,0,
17637,,16 minutes,,,,0,,0,
17962,,23 minutes,,,,0,,0,
10336,,24 minutes,,,,0,,0,
14270,,16 minutes,,,,0,,0,
19063,,18 minutes,,,,0,,0,
19267,,57 minutes,,,,0,,0,
12057,,17 minutes,,,,0,,0,
19745,,59 minutes,,,,0,,0,
15506,,32 minutes,,,,0,,0,
10216,,38 minutes,,,,0,,0,
14606,,27 minutes,,,,0,,0,
15361,,40 minutes,,,,0,,0,
13627,,39 minutes,,,,0,,0,
14925,,48 minutes,,,,0,,0,
18584,,44 minutes,,,,0,,0,
13905,,27 minutes,,,,0,,0,
12631,,51 minutes,,,,0,,0,
13551,,48 minutes,,,,0,,0,
16459,,26 minutes,,,,0,,0,
15965,,23 minutes,,,,0,,0,
14721,,40 minutes,,,,0,,0,
17401,,33 minutes,,,,0,,0,
10721,,44 minutes,,,,0,,0,
10749,,53 minutes,,,,0,,0,
10500,,54 minutes,,,,0,,0,
11896,,43 minutes,,,,0,,0,
16997,,12 minutes,,,,0,,0,
10045,,46 minutes,,,,0,,0,
17053,,52 minutes,,,,0,,0,
17798,,49 minutes,,,,0,,0,
13071,,35 minutes,,,,0,,0,
16525,,32 minutes,,,,0,,0,
17716,,53 minutes,,,,0,,0,
12343,,48 minutes,,,,0,,0,
10997,,24 minutes,,,,0,,0,
15491,,58 minutes,,,,0,,0,
14886,,13 minutes,,,,0,,0,
12745,,38 minutes,,,,0,,0,
16158,,31 minutes,,,,0,,0,
19895,,34 minutes,,,,0,,0,
14718,,22 minutes,,,,0,,0,
17897,,27 minutes,,,,0,,0,
15158,,42 minutes,,,,0,,0,
18503,,25 minutes,,,,0,,0,
11841,,54 minutes,,,,0,,0,
15298,,51 minutes,,,,0,,0,
17771,,53 minutes,,,,0,,0,
14297,,11 minutes,,,,0,,0,
17103,,44 minutes,,,,0,,0,
14124,,51 minutes,,,,0,,0,
11508,,43 minutes,,,,0,,0,
13055,,39 minutes,,,,0,,0,
17189,,22 minutes,,,,0,,0,
18759,,22 minutes,,,,0,,0,
13515,,27 minutes,,,,0,,0,
11622,,41 minutes,,,,0,,0,
18772,,41 minutes,,,,0,,0,
12853,,44 minutes,,,,0,,0,
15698,,48 minutes,,,,0,,0,
18746,,55 minutes,,,,0,,0,
14014,,38 minutes,,,,0,,0,
14237,,58 minutes,,,,0,,0,
10464,,38 minutes,,,,0,,0,
12925,,53 minutes,,,,0,,0,
16627,,25 minutes,,,,0,,0,
19543,,53 minutes,,,,0,,0,
18885,,56 minutes,,,,0,,0,
10362,,19 minutes,,,,0,,0,
17195,,39 minutes,,,,0,,0,
18035,,34 minutes,,,,0,,0,
18275,,48 minutes,,,,0,,0,
15291,,29 minutes,,,,0,,0,
15051,,14 minutes,,,,0,,0,
16851,,10 minutes,,,,0,,0,
10805,,39 minutes,,,,0,,0,
17529,,58 minutes,,,,0,,0,
14348,,12 minutes,,,,0,,0,
15196,,54 minutes,,,,0,,0,
14636,,23 minutes,,,,0,,0,
14087,,39 minutes,,,,0,,0,
19466,,59 minutes,,,,0,,0,
16266,,13 minutes,,,,0,,0,
14860,,27 minutes,,,,0,,0,
18619,,46 minutes,,,,0,,0,
15278,,34 minutes,,,,0,,0,
11385,,57 minutes,,,,0,,0,
11301,,10 minutes,,,,0,,0,
15088,,55 minutes,,,,0,,0,
13307,,24 minutes,,,,0,,0,
14537,,18 minutes,,,,0,,0,
12841,,24 minutes,,,,0,,0,
13584,,58 minutes,,,,0,,0,
14665,,33 minutes,,,,0,,0,
11351,,13 minutes,,,,0,,0,
19522,,21 minutes,,,,0,,0,
11520,,46 minutes,,,,0,,0,
16935,,46 minutes,,,,0,,0,
12613,,52 minutes,,,,0,,0,
19337,,15 minutes,,,,0,,0,
13534,,48 minutes,,,,0,,0,
10827,,55 minutes,,,,0,,0,
14946,,33 minutes,,,,0,,0,
17181,,20 minutes,,,,0,,0,
13465,,22 minutes,,,,0,,0,
13163,,43 minutes,,,,0,,0,
14778,,34 minutes,,,,0,,0,
19428,,16 minutes,,,,0,,0,
16374,,13 minutes,,,,0,,0,
17155,,17 minutes,,,,0,,0,
10791,,29 minutes,,,,0,,0,
12978,,38 minutes,,,,0,,0,
16211,,54 minutes,,,,0,,0,
18970,,55 minutes,,,,0,,0,
13447,,19 minutes,,,,0,,0,
14899,,52 minutes,,,,0,,0,
19274,,43 minutes,,,,0,,0,
11885,,35 minutes,,,,0,,0,
13022,,50 minutes,,,,0,,0,
14204,,58 minutes,,,,0,,0,
19709,,12 minutes,,,,0,,0,
13052,,15 minutes,,,,0,,0,
16194,,14 minutes,,,,0,,0,
13546,,14 minutes,,,,0,,0,
18637,,56 minutes,,,,0,,0,
11592,,32 minutes,,,,0,,0,
16472,,58 minutes,,,,0,,0,
12231,,18 minutes,,,,0,,0,
13646,,44 minutes,,,,0,,0,
16071,,29 minutes,,,,0,,0,
10793,,58 minutes,,,,0,,0,
11516,,51 minutes,,,,0,,0,
19106,,44 minutes,,,,0,,0,
19638,,59 minutes,,,,0,,0,
19438,,27 minutes,,,,0,,0,
12088,,26 minutes,,,,0,,0,
12126,,33 minutes,,,,0,,0,
18801,,12 minutes,,,,0,,0,
12861,,41 minutes,,,,0,,0,
19451,,44 minutes,,,,0,,0,
12567,,47 minutes,,,,0,,0,
17081,,22 minutes,,,,0,,0,
14962,,56 minutes,,,,0,,0,
19634,,34 minutes,,,,0,,0,
18917,,18 minutes,,,,0,,0,
17425,,13 minutes,,,,0,,0,
15406,,23 minutes,,,,0,,0,
12268,,46 minutes,,,,0,,0,
18981,,43 minutes,,,,0,,0,
13657,,20 minutes,,,,0,,0,
17867,,50 minutes,,,,0,,0,
11711,,12 minutes,,,,0,,0,
16086,,37 minutes,,,,0,,0,
13626,,38 minutes,,,,0,,0,
11107,,18 minutes,,,,0,,0,
19669,,12 minutes,,,,0,,0,
